elapsed_s,amcl_x,amcl_y,amcl_yaw_deg,map_odom_x,map_odom_y,map_odom_yaw_deg,odom_base_x,odom_base_y,odom_base_yaw_deg,filt_vx,filt_vy,scan_hz,amcl_active
0.51,0.0000,0.0000,0.00,-0.0188,0.0716,148.02,0.0000,0.0000,0.00,0.0000,0.0000,0.0,0.000000
1.02,0.0000,0.0000,0.00,-0.0188,0.0716,148.02,0.0000,0.0000,0.00,0.0000,0.0000,0.0,0.000000
1.55,0.0000,0.0000,0.00,-0.0188,0.0716,148.02,0.0000,0.0000,-178.96,0.0000,0.0000,3.2,0.000000
2.06,0.0000,0.0000,0.00,-0.0188,0.0716,148.02,0.0000,0.0000,-178.94,0.0000,0.0000,0.0,0.000000
2.56,0.0000,0.0000,0.00,-0.0188,0.0716,148.02,0.0000,0.0000,-178.95,0.0000,0.0000,0.0,0.000000
3.06,0.0000,0.0000,0.00,-0.0188,0.0716,148.02,0.0000,0.0000,-178.98,0.0000,0.0000,5.9,0.000000
3.57,0.0000,0.0000,0.00,-0.0188,0.0716,148.02,0.0000,0.0000,-179.03,0.0000,0.0000,0.0,0.000000
4.08,0.0000,0.0000,0.00,-0.0188,0.0716,148.02,0.0000,0.0000,-179.07,0.0000,0.0000,0.0,0.000000
4.59,0.0000,0.0000,0.00,-0.0188,0.0716,148.02,0.0000,0.0000,-179.09,0.0000,0.0000,9.8,0.000000
5.09,0.0000,0.0000,0.00,-0.0188,0.0716,148.02,0.0000,0.0000,-179.13,0.0000,0.0000,0.0,0.000000
5.59,0.0000,0.0000,0.00,-0.0188,0.0716,148.02,0.0000,0.0000,-179.15,0.0000,0.0000,0.0,0.000000
6.10,0.0000,0.0000,0.00,-0.0188,0.0716,148.02,0.0000,0.0000,-179.17,0.0000,0.0000,10.6,0.000000
6.61,0.0000,0.0000,0.00,-0.0188,0.0716,148.02,0.0000,0.0000,-179.19,0.0000,0.0000,0.0,0.000000
7.11,0.0000,0.0000,0.00,-0.0188,0.0716,148.02,0.0000,0.0000,-179.20,0.0000,0.0000,0.0,0.000000
7.62,0.0000,0.0000,0.00,-0.0188,0.0716,148.02,0.0000,0.0000,-179.23,0.0000,0.0000,9.9,0.000000
8.12,0.0000,0.0000,0.00,-0.0188,0.0716,148.02,0.0000,0.0000,-179.25,0.0000,0.0000,0.0,0.000000
8.62,0.0000,0.0000,0.00,-0.0188,0.0716,148.02,0.0000,0.0000,-179.27,0.0000,0.0000,0.0,0.000000
9.13,0.0000,0.0000,0.00,-0.0188,0.0716,148.02,0.0000,0.0000,-179.30,0.0000,0.0000,9.9,0.000000
9.63,0.0000,0.0000,0.00,-0.0188,0.0716,148.02,0.0000,0.0000,-179.32,0.0000,0.0000,0.0,0.000000
10.13,0.0000,0.0000,0.00,-0.0188,0.0716,148.02,0.0000,0.0000,-179.32,0.0000,0.0000,0.0,0.000000
10.63,0.0000,0.0000,0.00,-0.0188,0.0716,148.02,0.0000,0.0000,-179.35,0.0000,0.0000,10.0,0.000000
11.15,0.0000,0.0000,0.00,-0.0188,0.0716,148.02,0.0000,0.0000,-179.36,0.0000,0.0000,0.0,0.000000
11.65,0.0000,0.0000,0.00,-0.0188,0.0716,148.02,0.0000,0.0000,-179.38,0.0000,0.0000,0.0,0.000000
12.17,0.0000,0.0000,0.00,-0.0188,0.0716,148.02,0.0000,0.0000,-179.40,0.0000,0.0000,9.7,0.000000
12.67,0.0000,0.0000,0.00,-0.0188,0.0716,148.02,0.0000,0.0000,-179.42,0.0000,0.0000,0.0,0.000000
13.17,0.0000,0.0000,0.00,-0.0188,0.0716,148.02,0.0000,0.0000,-179.42,0.0000,0.0000,0.0,0.000000
13.67,0.0000,0.0000,0.00,-0.0188,0.0716,148.02,0.0000,0.0000,-179.44,0.0000,0.0000,10.0,0.000000
14.18,0.0000,0.0000,0.00,-0.0188,0.0716,148.02,0.0000,0.0000,-179.46,0.0000,0.0000,0.0,0.000000
14.69,0.0000,0.0000,0.00,-0.0188,0.0716,148.02,0.0000,0.0000,-179.48,0.0000,0.0000,0.0,0.000000
15.19,0.0000,0.0000,0.00,-0.0188,0.0716,148.02,0.0000,0.0000,-179.50,0.0000,0.0000,10.6,0.000000
15.69,0.0000,0.0000,0.00,-0.0188,0.0716,148.02,0.0000,0.0000,-179.51,0.0000,0.0000,0.0,0.000000
16.19,0.0000,0.0000,0.00,-0.0188,0.0716,148.02,0.0000,0.0000,-179.54,0.0000,0.0000,0.0,0.000000
16.69,0.0000,0.0000,0.00,-0.0188,0.0716,148.02,0.0000,0.0000,-179.55,0.0000,0.0000,10.0,0.000000
17.19,0.0000,0.0000,0.00,-0.0188,0.0716,148.02,0.0000,0.0000,-179.55,0.0002,0.0000,0.0,0.000000
17.69,0.0000,0.0000,0.00,-0.0188,0.0716,148.02,0.0000,0.0000,-179.31,0.0000,-0.0000,0.0,0.000000
18.20,0.0000,0.0000,0.00,-0.0188,0.0716,148.02,0.0000,0.0000,-177.76,-0.0000,0.0000,10.0,0.000000
18.70,-0.0640,0.0304,-28.30,-0.0640,0.0304,149.01,0.0000,0.0000,-176.73,0.0408,0.0199,0.0,0.121772
19.21,-0.0640,0.0304,-28.30,-0.0640,0.0304,149.01,0.0000,0.0000,-178.34,0.0680,-0.0035,0.0,0.000000
19.72,-0.0763,0.0646,-30.69,-0.0763,0.0646,147.89,0.0000,0.0000,-179.69,0.0390,-0.0000,9.9,0.071807
20.23,-0.0406,0.0923,-34.01,-0.0406,0.0923,145.65,0.0000,0.0000,-179.15,0.0400,-0.0000,0.0,0.087998
20.73,-0.0406,0.0923,-34.01,-0.0406,0.0923,145.65,0.0000,0.0000,-179.51,0.0201,-0.0000,0.0,0.000000
21.23,-0.0406,0.0923,-34.01,-0.0406,0.0923,145.65,0.0000,0.0000,180.00,0.0000,-0.0002,9.9,0.000000
21.75,-0.0406,0.0923,-34.01,-0.0406,0.0923,145.65,0.0000,0.0000,179.96,0.0000,-0.0000,0.0,0.000000
22.25,-0.0406,0.0923,-34.01,-0.0406,0.0923,145.65,0.0000,0.0000,179.91,0.0000,-0.0000,0.0,0.000000
22.76,-0.0406,0.0923,-34.01,-0.0406,0.0923,145.65,0.0000,0.0000,179.70,-0.0000,-0.0000,9.9,0.000000
23.27,-0.0406,0.0923,-34.01,-0.0406,0.0923,145.65,0.0000,0.0000,179.56,-0.0000,-0.0000,0.0,0.000000
23.77,-0.0406,0.0923,-34.01,-0.0406,0.0923,145.65,0.0000,0.0000,179.47,-0.0000,-0.0000,0.0,0.000000
24.27,-0.0406,0.0923,-34.01,-0.0406,0.0923,145.65,0.0000,0.0000,179.41,-0.0000,-0.0000,9.9,0.000000
24.78,-0.0406,0.0923,-34.01,-0.0406,0.0923,145.65,0.0000,0.0000,179.26,-0.0000,-0.0000,0.0,0.000000
25.28,-0.0406,0.0923,-34.01,-0.0406,0.0923,145.65,0.0000,0.0000,179.22,-0.0000,-0.0000,0.0,0.000000
25.78,-0.0406,0.0923,-34.01,-0.0406,0.0923,145.65,0.0000,0.0000,179.17,-0.0000,-0.0000,10.6,0.000000
26.28,-0.0406,0.0923,-34.01,-0.0406,0.0923,145.65,0.0000,0.0000,179.36,0.0200,-0.0004,0.0,0.000000
26.79,-0.0642,0.0987,-35.38,-0.0642,0.0987,145.39,0.0000,0.0000,178.34,0.0200,0.0000,0.0,0.047823
27.29,-0.0642,0.0987,-35.38,-0.0642,0.0987,145.39,0.0000,0.0000,179.34,0.0466,0.0034,9.9,0.000000
27.79,-0.0968,0.1158,-35.28,-0.0968,0.1158,145.26,0.0000,0.0000,178.44,0.0467,-0.0525,0.0,0.073524
28.29,-0.0968,0.1158,-35.28,-0.0968,0.1158,145.26,0.0000,0.0000,179.53,0.2524,-0.0368,0.0,0.000000
28.79,-0.1158,0.1101,-33.85,-0.1158,0.1101,145.10,0.0000,0.0000,-179.57,0.2828,-0.0051,10.0,0.039535
29.29,-0.1158,0.1101,-33.85,-0.1158,0.1101,145.10,0.0000,0.0000,-178.45,0.0932,-0.0037,0.0,0.000000
29.79,-0.1158,0.1101,-33.85,-0.1158,0.1101,145.10,0.0000,0.0000,-179.54,0.0300,-0.0000,0.0,0.000000
30.30,-0.1323,0.0886,-34.61,-0.1158,0.1101,145.10,0.0000,0.0000,179.71,0.0200,0.0193,10.0,0.000000
30.81,-0.1323,0.0886,-34.61,-0.1323,0.0886,145.55,0.0000,0.0000,179.76,0.0000,0.0000,0.0,0.053075
31.32,-0.1323,0.0886,-34.61,-0.1323,0.0886,145.55,0.0000,0.0000,179.82,-0.0000,0.0000,0.0,0.000000
31.83,-0.1323,0.0886,-34.61,-0.1323,0.0886,145.55,0.0000,0.0000,179.83,-0.0000,-0.0000,9.8,0.000000
32.33,-0.1323,0.0886,-34.61,-0.1323,0.0886,145.55,0.0000,0.0000,179.55,-0.0000,-0.0000,0.0,0.000000
32.83,-0.1323,0.0886,-34.61,-0.1323,0.0886,145.55,0.0000,0.0000,-179.81,-0.0000,-0.0000,0.0,0.000000
33.33,-0.1323,0.0886,-34.61,-0.1323,0.0886,145.55,0.0000,0.0000,-179.19,-0.0493,-0.0001,10.0,0.000000
33.85,-0.1649,0.1335,-33.36,-0.1649,0.1335,145.77,0.0000,0.0000,-178.92,-0.0960,0.0047,0.0,0.107170
34.35,-0.1649,0.1335,-33.36,-0.1649,0.1335,145.77,0.0000,0.0000,-179.45,-0.3571,-0.0170,0.0,0.000000
34.85,-0.1649,0.1335,-33.36,-0.1649,0.1335,145.77,0.0000,0.0000,-179.24,-0.0522,-0.0002,9.9,0.000000
35.36,-0.1649,0.1335,-33.36,-0.1649,0.1335,145.77,0.0000,0.0000,-179.46,0.0200,-0.0000,0.0,0.000000
35.86,-0.1649,0.1335,-33.36,-0.1649,0.1335,145.77,0.0000,0.0000,-178.75,-0.0003,0.0003,0.0,0.000000
36.36,-0.1649,0.1335,-33.36,-0.1649,0.1335,145.77,0.0000,0.0000,-179.07,-0.0003,-0.0000,10.6,0.000000
36.87,-0.1649,0.1335,-33.36,-0.1649,0.1335,145.77,0.0000,0.0000,-179.44,-0.0000,-0.0000,0.0,0.000000
37.37,-0.1649,0.1335,-33.36,-0.1649,0.1335,145.77,0.0000,0.0000,-179.53,-0.0000,-0.0000,0.0,0.000000
37.87,-0.1649,0.1335,-33.36,-0.1649,0.1335,145.77,0.0000,0.0000,-179.12,-0.0020,0.0003,9.9,0.000000
38.38,-0.1495,0.1325,-31.50,-0.1495,0.1325,145.84,0.0000,0.0000,-176.31,-0.0069,-0.0076,0.0,0.030882
38.88,-0.1391,0.1972,-30.99,-0.1391,0.1972,146.68,0.0000,0.0000,-178.15,0.0034,-0.2542,0.0,0.130403
39.39,-0.1391,0.1972,-30.99,-0.1391,0.1972,146.68,0.0000,0.0000,-178.43,-0.0207,-0.4161,9.9,0.000000
39.89,-0.1391,0.1972,-30.99,-0.1391,0.1972,146.68,0.0000,0.0000,-178.66,0.0000,-0.0002,0.0,0.000000
40.39,-0.0851,0.1932,-32.75,-0.0851,0.1932,146.03,0.0000,0.0000,-179.21,-0.0200,-0.0000,0.0,0.108202
40.91,-0.0851,0.1932,-32.75,-0.0851,0.1932,146.03,0.0000,0.0000,-179.21,-0.0000,-0.0000,9.9,0.000000
41.42,-0.0851,0.1932,-32.75,-0.0851,0.1932,146.03,0.0000,0.0000,-179.36,-0.0000,-0.0000,0.0,0.000000
41.92,-0.0851,0.1932,-32.75,-0.0851,0.1932,146.03,0.0000,0.0000,-179.44,-0.0000,-0.0000,0.0,0.000000
42.43,-0.0851,0.1932,-32.75,-0.0851,0.1932,146.03,0.0000,0.0000,-179.53,-0.0000,-0.0000,9.9,0.000000
42.93,-0.0851,0.1932,-32.75,-0.0851,0.1932,146.03,0.0000,0.0000,-179.64,-0.0000,-0.0000,0.0,0.000000
43.43,-0.0851,0.1932,-32.75,-0.0851,0.1932,146.03,0.0000,0.0000,-179.76,0.0026,0.0382,0.0,0.000000
43.95,-0.0851,0.2175,-33.95,-0.0851,0.2175,146.13,0.0000,0.0000,-179.75,0.0017,0.1298,9.9,0.046885
44.45,-0.0851,0.2175,-33.95,-0.0851,0.2175,146.13,0.0000,0.0000,179.99,-0.0037,0.2939,0.0,0.000000
44.95,-0.0851,0.2175,-33.95,-0.0851,0.2175,146.13,0.0000,0.0000,178.12,0.0077,0.0866,0.0,0.000000
45.46,-0.0271,0.2376,-36.44,-0.0271,0.2376,145.38,0.0000,0.0000,177.65,0.0000,0.0000,10.6,0.122407
45.96,-0.0271,0.2376,-36.44,-0.0271,0.2376,145.38,0.0000,0.0000,177.02,-0.0000,0.0000,0.0,0.000000
46.47,-0.0486,0.2562,-37.79,-0.0486,0.2562,145.28,0.0000,0.0000,176.13,-0.0000,0.0000,0.0,0.055253
46.97,-0.0586,0.2536,-38.29,-0.0586,0.2536,145.96,0.0000,0.0000,175.57,-0.0000,0.0000,9.9,0.020699
47.49,-0.0586,0.2536,-38.29,-0.0586,0.2536,145.96,0.0000,0.0000,175.53,0.0000,0.0000,0.0,0.000000
47.99,-0.0586,0.2536,-38.29,-0.0586,0.2536,145.96,0.0000,0.0000,175.48,0.0000,0.0000,0.0,0.000000
48.49,-0.0586,0.2536,-38.29,-0.0586,0.2536,145.96,0.0000,0.0000,175.03,0.0000,0.0000,9.9,0.000000
48.99,-0.0586,0.2536,-38.29,-0.0586,0.2536,145.96,0.0000,0.0000,174.90,0.0000,0.0000,0.0,0.000000
49.49,-0.0586,0.2536,-38.29,-0.0586,0.2536,145.96,0.0000,0.0000,175.15,0.0000,0.0000,0.0,0.000000
50.01,-0.0586,0.2536,-38.29,-0.0586,0.2536,145.96,0.0000,0.0000,175.79,0.0330,0.0000,9.9,0.000000
50.52,-0.0517,0.2512,-37.30,-0.0517,0.2512,145.50,0.0000,0.0000,177.67,0.0524,0.0178,0.0,0.014395
51.02,-0.0517,0.2512,-37.30,-0.0517,0.2512,145.50,0.0000,0.0000,177.57,0.2735,0.0005,0.0,0.000000
51.53,-0.0517,0.2512,-37.30,-0.0517,0.2512,145.50,0.0000,0.0000,177.99,0.3258,0.0001,9.9,0.000000
52.03,-0.0846,0.2502,-33.20,-0.0846,0.2502,146.86,0.0000,0.0000,-179.72,0.0500,0.0000,0.0,0.065580
52.53,-0.0846,0.2502,-33.20,-0.0846,0.2502,146.86,0.0000,0.0000,179.46,0.0300,-0.0000,0.0,0.000000
53.04,-0.0846,0.2502,-33.20,-0.0846,0.2502,146.86,0.0000,0.0000,179.47,0.0305,0.0000,10.6,0.000000
53.55,-0.0846,0.2502,-33.20,-0.0846,0.2502,146.86,0.0000,0.0000,178.77,0.0000,0.0001,0.0,0.000000
54.05,-0.1029,0.2686,-34.79,-0.1029,0.2686,146.41,0.0000,0.0000,178.62,0.0000,0.0000,0.0,0.051379
54.56,-0.1029,0.2686,-34.79,-0.1029,0.2686,146.41,0.0000,0.0000,178.48,0.0000,0.0000,9.9,0.000000
55.06,-0.1029,0.2686,-34.79,-0.1029,0.2686,146.41,0.0000,0.0000,178.39,0.0000,0.0000,0.0,0.000000
55.56,-0.0890,0.2783,-33.39,-0.1029,0.2686,146.41,0.0000,0.0000,179.90,-0.0516,0.0025,0.0,0.000000
56.07,-0.0890,0.2783,-33.39,-0.0890,0.2783,146.69,0.0000,0.0000,179.58,-0.0905,-0.0040,9.9,0.033075
56.59,-0.0890,0.2783,-33.39,-0.0890,0.2783,146.69,0.0000,0.0000,-179.73,-0.3403,-0.0090,0.0,0.000000
57.09,-0.1091,0.2795,-31.23,-0.1091,0.2795,147.18,0.0000,0.0000,-177.87,-0.0402,0.0311,0.0,0.040367
57.59,-0.1091,0.2795,-31.23,-0.1091,0.2795,147.18,0.0000,0.0000,-177.72,0.0024,0.0200,9.9,0.000000
58.09,-0.1091,0.2795,-31.23,-0.1091,0.2795,147.18,0.0000,0.0000,-178.39,-0.0000,0.0000,0.0,0.000000
58.59,-0.1091,0.2795,-31.23,-0.1091,0.2795,147.18,0.0000,0.0000,-179.15,-0.0000,0.0000,0.0,0.000000
59.11,-0.1091,0.2795,-31.23,-0.1091,0.2795,147.18,0.0000,0.0000,-179.49,-0.0000,-0.0000,9.9,0.000000
59.61,-0.1091,0.2795,-31.23,-0.1091,0.2795,147.18,0.0000,0.0000,-179.45,-0.0180,-0.0000,0.0,0.000000
60.12,-0.1018,0.2706,-31.56,-0.1018,0.2706,148.10,0.0000,0.0000,-179.69,-0.0200,0.0001,0.0,0.022941
60.63,-0.1135,0.2996,-30.73,-0.1135,0.2996,147.58,0.0000,0.0000,-177.84,-0.0040,-0.0198,9.9,0.060967
61.13,-0.1135,0.2996,-30.73,-0.1135,0.2996,147.58,0.0000,0.0000,-178.99,0.0004,-0.1576,0.0,0.000000
61.63,-0.1135,0.2996,-30.73,-0.1135,0.2996,147.58,0.0000,0.0000,-177.78,-0.0252,-0.3740,0.0,0.000000
62.13,-0.1135,0.2996,-30.73,-0.1135,0.2996,147.58,0.0000,0.0000,-177.72,0.0000,-0.0206,10.0,0.000000
62.63,-0.1135,0.2996,-30.73,-0.1135,0.2996,147.58,0.0000,0.0000,-177.59,0.0000,0.0000,0.0,0.000000
63.13,-0.1135,0.2996,-30.73,-0.1135,0.2996,147.58,0.0000,0.0000,-177.86,0.0000,0.0000,0.0,0.000000
63.65,-0.1135,0.2996,-30.73,-0.1135,0.2996,147.58,0.0000,0.0000,-177.70,0.0000,0.0200,10.6,0.000000
64.15,-0.1135,0.2996,-30.73,-0.1135,0.2996,147.58,0.0000,0.0000,-177.77,0.0002,0.0000,0.0,0.000000
64.66,-0.1135,0.2996,-30.73,-0.1135,0.2996,147.58,0.0000,0.0000,-177.69,0.0000,0.0307,0.0,0.000000
65.16,-0.1135,0.2996,-30.73,-0.1135,0.2996,147.58,0.0000,0.0000,-178.13,0.0000,0.1368,9.9,0.000000
65.66,-0.1135,0.2996,-30.73,-0.1135,0.2996,147.58,0.0000,0.0000,-178.41,0.0000,0.3496,0.0,0.000000
66.17,-0.0907,0.2966,-31.73,-0.0907,0.2966,147.75,0.0000,0.0000,-178.85,-0.0000,0.0508,0.0,0.044779
66.67,-0.0907,0.2966,-31.73,-0.0907,0.2966,147.75,0.0000,0.0000,179.95,0.0000,0.0000,9.9,0.000000
67.17,-0.0907,0.2966,-31.73,-0.0907,0.2966,147.75,0.0000,0.0000,179.44,0.0000,0.0000,0.0,0.000000
67.69,-0.1225,0.3293,-32.67,-0.1225,0.3293,148.15,0.0000,0.0000,178.81,0.0000,-0.0200,0.0,0.088387
68.19,-0.1225,0.3293,-32.67,-0.1225,0.3293,148.15,0.0000,0.0000,178.78,0.0000,-0.0300,9.9,0.000000
68.69,-0.1225,0.3293,-32.67,-0.1225,0.3293,148.15,0.0000,0.0000,178.90,0.0000,-0.0300,0.0,0.000000
69.19,-0.1225,0.3293,-32.67,-0.1225,0.3293,148.15,0.0000,0.0000,179.28,0.0000,0.0001,0.0,0.000000
69.69,-0.1225,0.3293,-32.67,-0.1225,0.3293,148.15,0.0000,0.0000,179.28,0.0000,0.0000,10.0,0.000000
70.21,-0.1225,0.3293,-32.67,-0.1225,0.3293,148.15,0.0000,0.0000,179.52,0.0000,0.0000,0.0,0.000000
70.72,-0.1099,0.3078,-30.51,-0.1099,0.3078,149.14,0.0000,0.0000,-179.33,-0.0000,0.0000,0.0,0.049511
71.22,-0.1099,0.3078,-30.51,-0.1099,0.3078,149.14,0.0000,0.0000,179.87,-0.0200,-0.0000,10.5,0.000000
71.73,-0.1099,0.3078,-30.51,-0.1099,0.3078,149.14,0.0000,0.0000,-179.02,0.0312,0.0049,0.0,0.000000
72.23,-0.1099,0.3078,-30.51,-0.1099,0.3078,149.14,0.0000,0.0000,-179.50,0.0202,0.0000,0.0,0.000000
72.73,-0.1099,0.3078,-30.51,-0.1099,0.3078,149.14,0.0000,0.0000,-179.35,-0.0000,0.0000,10.0,0.000000
73.23,-0.1099,0.3078,-30.51,-0.1099,0.3078,149.14,0.0000,0.0000,-179.63,-0.0000,0.0000,0.0,0.000000
73.73,-0.1099,0.3078,-30.51,-0.1099,0.3078,149.14,0.0000,0.0000,-178.45,-0.0290,0.0012,0.0,0.000000
74.23,-0.1099,0.3078,-30.51,-0.1099,0.3078,149.14,0.0000,0.0000,-178.68,-0.0280,-0.0001,10.0,0.000000
74.75,-0.1099,0.3078,-30.51,-0.1099,0.3078,149.14,0.0000,0.0000,-179.12,-0.0492,-0.0030,0.0,0.000000
75.25,-0.1099,0.3078,-30.51,-0.1099,0.3078,149.14,0.0000,0.0000,179.92,-0.0433,0.0005,0.0,0.000000
75.75,-0.1099,0.3078,-30.51,-0.1099,0.3078,149.14,0.0000,0.0000,179.89,-0.0481,-0.0026,9.9,0.000000
76.25,-0.1099,0.3078,-30.51,-0.1099,0.3078,149.14,0.0000,0.0000,179.88,-0.0589,0.0114,0.0,0.000000
76.77,-0.1099,0.3078,-30.51,-0.1099,0.3078,149.14,0.0000,0.0000,179.86,-0.0691,0.0000,0.0,0.000000
77.27,-0.1099,0.3078,-30.51,-0.1099,0.3078,149.14,0.0000,0.0000,179.85,-0.0691,0.0000,9.9,0.000000
77.79,-0.1099,0.3078,-30.51,-0.1099,0.3078,149.14,0.0000,0.0000,179.82,-0.0690,0.0000,0.0,0.000000
78.29,-0.1099,0.3078,-30.51,-0.1099,0.3078,149.14,0.0000,0.0000,179.80,-0.0787,0.0000,0.0,0.000000
78.79,-0.1099,0.3078,-30.51,-0.1099,0.3078,149.14,0.0000,0.0000,179.77,-0.0848,0.0000,9.9,0.000000
79.29,-0.1099,0.3078,-30.51,-0.1099,0.3078,149.14,0.0000,0.0000,179.76,-0.0778,0.0000,0.0,0.000000
79.79,-0.1099,0.3078,-30.51,-0.1099,0.3078,149.14,0.0000,0.0000,179.72,-0.0785,0.0000,0.0,0.000000
80.29,-0.1099,0.3078,-30.51,-0.1099,0.3078,149.14,0.0000,0.0000,179.70,-0.0507,0.0000,10.0,0.000000
80.82,-0.1099,0.3078,-30.51,-0.1099,0.3078,149.14,0.0000,0.0000,179.69,-0.0300,0.0000,0.0,0.000000
81.32,-0.1099,0.3078,-30.51,-0.1099,0.3078,149.14,0.0000,0.0000,179.67,-0.0200,0.0000,0.0,0.000000
81.83,-0.1099,0.3078,-30.51,-0.1099,0.3078,149.14,0.0000,0.0000,179.66,0.0003,0.0000,10.4,0.000000
82.33,-0.1099,0.3078,-30.51,-0.1099,0.3078,149.14,0.0000,0.0000,179.65,0.0002,0.0000,0.0,0.000000
82.83,-0.1099,0.3078,-30.51,-0.1099,0.3078,149.14,0.0000,0.0000,179.62,0.0001,0.0000,0.0,0.000000
83.35,-0.1099,0.3078,-30.51,-0.1099,0.3078,149.14,0.0000,0.0000,179.61,0.0000,0.0000,9.9,0.000000
83.85,-0.1099,0.3078,-30.51,-0.1099,0.3078,149.14,0.0000,0.0000,179.58,0.0000,0.0000,0.0,0.000000
84.35,-0.1099,0.3078,-30.51,-0.1099,0.3078,149.14,0.0000,0.0000,179.56,0.0002,0.0000,0.0,0.000000
84.85,-0.1099,0.3078,-30.51,-0.1099,0.3078,149.14,0.0000,0.0000,179.54,0.0000,0.0000,10.0,0.000000
85.35,-0.1099,0.3078,-30.51,-0.1099,0.3078,149.14,0.0000,0.0000,179.53,0.0000,0.0000,0.0,0.000000
85.85,-0.1099,0.3078,-30.51,-0.1099,0.3078,149.14,0.0000,0.0000,179.51,0.0000,0.0000,0.0,0.000000
86.37,-0.1099,0.3078,-30.51,-0.1099,0.3078,149.14,0.0000,0.0000,179.49,0.0000,0.0000,9.9,0.000000
86.87,-0.1099,0.3078,-30.51,-0.1099,0.3078,149.14,0.0000,0.0000,179.48,0.0000,0.0000,0.0,0.000000
87.38,-0.1099,0.3078,-30.51,-0.1099,0.3078,149.14,0.0000,0.0000,179.46,0.0000,0.0000,0.0,0.000000
87.89,-0.1099,0.3078,-30.51,-0.1099,0.3078,149.14,0.0000,0.0000,179.43,0.0000,0.0000,9.9,0.000000
88.39,-0.1099,0.3078,-30.51,-0.1099,0.3078,149.14,0.0000,0.0000,179.42,0.0000,0.0000,0.0,0.000000
88.89,-0.1099,0.3078,-30.51,-0.1099,0.3078,149.14,0.0000,0.0000,179.41,0.0000,0.0000,0.0,0.000000
89.39,-0.1099,0.3078,-30.51,-0.1099,0.3078,149.14,0.0000,0.0000,179.37,0.0000,0.0000,10.0,0.000000
89.90,-0.1099,0.3078,-30.51,-0.1099,0.3078,149.14,0.0000,0.0000,179.36,0.0000,0.0000,0.0,0.000000
90.40,-0.1099,0.3078,-30.51,-0.1099,0.3078,149.14,0.0000,0.0000,179.34,0.0000,0.0000,0.0,0.000000
90.91,-0.1099,0.3078,-30.51,-0.1099,0.3078,149.14,0.0000,0.0000,179.32,0.0000,0.0000,10.5,0.000000
91.41,-0.1099,0.3078,-30.51,-0.1099,0.3078,149.14,0.0000,0.0000,179.29,0.0000,0.0000,0.0,0.000000
91.92,-0.1099,0.3078,-30.51,-0.1099,0.3078,149.14,0.0000,0.0000,179.29,0.0000,0.0000,0.0,0.000000
92.42,-0.1153,0.3134,-31.43,-0.1153,0.3134,149.28,0.0000,0.0000,179.28,0.0000,0.0000,10.0,0.015442
92.93,-0.1153,0.3134,-31.43,-0.1153,0.3134,149.28,0.0000,0.0000,179.26,0.0000,0.0000,0.0,0.000000
93.43,-0.1153,0.3134,-31.43,-0.1153,0.3134,149.28,0.0000,0.0000,179.24,0.0000,0.0000,0.0,0.000000
93.95,-0.1153,0.3134,-31.43,-0.1153,0.3134,149.28,0.0000,0.0000,179.21,0.0000,0.0000,9.8,0.000000
94.45,-0.1153,0.3134,-31.43,-0.1153,0.3134,149.28,0.0000,0.0000,179.18,0.0000,0.0000,0.0,0.000000
94.95,-0.1153,0.3134,-31.43,-0.1153,0.3134,149.28,0.0000,0.0000,179.17,0.0000,0.0000,0.0,0.000000
95.47,-0.1153,0.3134,-31.43,-0.1153,0.3134,149.28,0.0000,0.0000,179.14,0.0000,0.0000,9.9,0.000000
95.97,-0.1153,0.3134,-31.43,-0.1153,0.3134,149.28,0.0000,0.0000,179.13,0.0000,0.0000,0.0,0.000000
96.47,-0.1153,0.3134,-31.43,-0.1153,0.3134,149.28,0.0000,0.0000,179.11,0.0000,0.0000,0.0,0.000000
96.99,-0.1153,0.3134,-31.43,-0.1153,0.3134,149.28,0.0000,0.0000,179.08,0.0000,0.0000,9.9,0.000000
97.49,-0.1153,0.3134,-31.43,-0.1153,0.3134,149.28,0.0000,0.0000,179.07,0.0000,0.0000,0.0,0.000000
97.99,-0.1153,0.3134,-31.43,-0.1153,0.3134,149.28,0.0000,0.0000,179.06,0.0000,0.0000,0.0,0.000000
98.50,-0.1153,0.3134,-31.43,-0.1153,0.3134,149.28,0.0000,0.0000,179.05,0.0000,0.0000,10.6,0.000000
99.00,-0.1153,0.3134,-31.43,-0.1153,0.3134,149.28,0.0000,0.0000,179.02,0.0000,0.0000,0.0,0.000000
99.51,-0.1153,0.3134,-31.43,-0.1153,0.3134,149.28,0.0000,0.0000,179.00,0.0000,0.0000,0.0,0.000000
100.01,-0.1153,0.3134,-31.43,-0.1153,0.3134,149.28,0.0000,0.0000,178.98,0.0000,0.0000,9.9,0.000000
100.53,-0.1153,0.3134,-31.43,-0.1153,0.3134,149.28,0.0000,0.0000,178.96,0.0000,0.0000,0.0,0.000000
101.03,-0.1153,0.3134,-31.43,-0.1153,0.3134,149.28,0.0000,0.0000,178.94,0.0000,0.0000,0.0,0.000000
101.55,-0.1153,0.3134,-31.43,-0.1153,0.3134,149.28,0.0000,0.0000,178.93,0.0000,0.0000,9.7,0.000000
102.07,-0.1153,0.3134,-31.43,-0.1153,0.3134,149.28,0.0000,0.0000,178.92,-0.0000,0.0000,0.0,0.000000
102.57,-0.1153,0.3134,-31.43,-0.1153,0.3134,149.28,0.0000,0.0000,178.89,-0.0000,0.0000,0.0,0.000000
103.07,-0.1153,0.3134,-31.43,-0.1153,0.3134,149.28,0.0000,0.0000,178.88,-0.0000,0.0000,9.9,0.000000
103.58,-0.1153,0.3134,-31.43,-0.1153,0.3134,149.28,0.0000,0.0000,178.87,-0.0000,0.0000,0.0,0.000000
104.08,-0.1153,0.3134,-31.43,-0.1153,0.3134,149.28,0.0000,0.0000,178.85,-0.0000,0.0000,0.0,0.000000
104.58,-0.1153,0.3134,-31.43,-0.1153,0.3134,149.28,0.0000,0.0000,178.83,-0.0000,0.0000,10.6,0.000000
105.09,-0.1153,0.3134,-31.43,-0.1153,0.3134,149.28,0.0000,0.0000,178.81,-0.0000,0.0000,0.0,0.000000
105.59,-0.1153,0.3134,-31.43,-0.1153,0.3134,149.28,0.0000,0.0000,178.79,-0.0000,0.0000,0.0,0.000000
106.09,-0.1153,0.3134,-31.43,-0.1153,0.3134,149.28,0.0000,0.0000,178.78,-0.0000,0.0000,9.9,0.000000
106.59,-0.1153,0.3134,-31.43,-0.1153,0.3134,149.28,0.0000,0.0000,178.76,-0.0000,0.0000,0.0,0.000000
107.09,-0.1153,0.3134,-31.43,-0.1153,0.3134,149.28,0.0000,0.0000,178.74,-0.0000,0.0000,0.0,0.000000
107.59,-0.1153,0.3134,-31.43,-0.1153,0.3134,149.28,0.0000,0.0000,178.72,-0.0000,0.0000,10.0,0.000000
108.09,-0.1153,0.3134,-31.43,-0.1153,0.3134,149.28,0.0000,0.0000,178.71,-0.0000,0.0000,0.0,0.000000
108.60,-0.1153,0.3134,-31.43,-0.1153,0.3134,149.28,0.0000,0.0000,178.69,-0.0000,0.0000,0.0,0.000000
109.11,-0.1153,0.3134,-31.43,-0.1153,0.3134,149.28,0.0000,0.0000,178.67,-0.0000,0.0000,9.9,0.000000
109.61,-0.1153,0.3134,-31.43,-0.1153,0.3134,149.28,0.0000,0.0000,178.66,-0.0000,0.0000,0.0,0.000000
110.11,-0.1153,0.3134,-31.43,-0.1153,0.3134,149.28,0.0000,0.0000,178.64,-0.0000,0.0000,0.0,0.000000
110.62,-0.1153,0.3134,-31.43,-0.1153,0.3134,149.28,0.0000,0.0000,178.63,-0.0000,0.0000,10.0,0.000000
111.13,-0.1153,0.3134,-31.43,-0.1153,0.3134,149.28,0.0000,0.0000,178.62,-0.0000,0.0000,0.0,0.000000
111.63,-0.1153,0.3134,-31.43,-0.1153,0.3134,149.28,0.0000,0.0000,178.60,-0.0000,0.0000,0.0,0.000000
112.13,-0.1153,0.3134,-31.43,-0.1153,0.3134,149.28,0.0000,0.0000,178.58,-0.0000,0.0000,9.9,0.000000
112.65,-0.1153,0.3134,-31.43,-0.1153,0.3134,149.28,0.0000,0.0000,178.55,-0.0003,0.0000,0.0,0.000000
113.15,-0.1153,0.3134,-31.43,-0.1153,0.3134,149.28,0.0000,0.0000,178.54,-0.0001,0.0000,0.0,0.000000
113.65,-0.1153,0.3134,-31.43,-0.1153,0.3134,149.28,0.0000,0.0000,178.53,-0.0000,0.0000,9.9,0.000000
114.17,-0.1153,0.3134,-31.43,-0.1153,0.3134,149.28,0.0000,0.0000,178.51,-0.0000,0.0000,0.0,0.000000
114.67,-0.1153,0.3134,-31.43,-0.1153,0.3134,149.28,0.0000,0.0000,178.51,-0.0000,0.0000,0.0,0.000000
115.17,-0.1153,0.3134,-31.43,-0.1153,0.3134,149.28,0.0000,0.0000,178.50,-0.0000,0.0000,10.5,0.000000
115.67,-0.1153,0.3134,-31.43,-0.1153,0.3134,149.28,0.0000,0.0000,178.47,-0.0000,0.0000,0.0,0.000000
116.17,-0.1153,0.3134,-31.43,-0.1153,0.3134,149.28,0.0000,0.0000,178.45,-0.0000,0.0000,0.0,0.000000
116.67,-0.1153,0.3134,-31.43,-0.1153,0.3134,149.28,0.0000,0.0000,178.42,-0.0000,0.0000,10.0,0.000000
117.17,-0.1153,0.3134,-31.43,-0.1153,0.3134,149.28,0.0000,0.0000,178.40,-0.0000,0.0000,0.0,0.000000
117.67,-0.1153,0.3134,-31.43,-0.1153,0.3134,149.28,0.0000,0.0000,178.38,-0.0000,0.0000,0.0,0.000000
118.17,-0.1153,0.3134,-31.43,-0.1153,0.3134,149.28,0.0000,0.0000,178.37,-0.0000,0.0000,10.0,0.000000
118.68,-0.1153,0.3134,-31.43,-0.1153,0.3134,149.28,0.0000,0.0000,178.35,-0.0000,0.0000,0.0,0.000000
119.18,-0.1153,0.3134,-31.43,-0.1153,0.3134,149.28,0.0000,0.0000,178.34,-0.0000,0.0000,0.0,0.000000
119.69,-0.1153,0.3134,-31.43,-0.1153,0.3134,149.28,0.0000,0.0000,178.32,-0.0000,0.0000,9.9,0.000000
