elapsed_s,fc_vx,fc_vy,odom_vx,odom_vy,filt_vx,filt_vy,filt_px,filt_py,odom_base_x,odom_base_y,odom_base_yaw,map_odom_x,map_odom_y,map_odom_yaw,amcl_x,amcl_y,amcl_yaw,amcl_delta,pos_gap_x,pos_gap_y,odom_drift_speed
0.21,0.0000,0.0000,0.0000,0.0000,0.0000,0.0000,0.0000,0.0000,0.0000,0.0000,0.00,0.0000,0.0000,0.00,0.0000,0.0000,0.00,0.000000,0.0000,0.0000,0.0000
0.42,0.0000,0.0000,0.0000,0.0000,0.0000,0.0000,0.0000,0.0000,0.0000,0.0000,0.00,0.0000,0.0000,0.00,0.0000,0.0000,0.00,0.000000,0.0000,0.0000,0.0000
0.63,0.0000,0.0000,0.0000,0.0000,0.0000,0.0000,0.0000,0.0000,0.0000,0.0000,0.00,0.0000,0.0000,0.00,0.0000,0.0000,0.00,0.000000,0.0000,0.0000,0.0000
0.84,0.0000,0.0000,0.0000,0.0000,0.0000,0.0000,0.0000,0.0000,0.0000,0.0000,0.00,0.0000,0.0000,0.00,0.0000,0.0000,0.00,0.000000,0.0000,0.0000,0.0000
1.04,0.0000,0.0000,0.0000,0.0000,0.0000,0.0000,0.0000,0.0000,0.0000,0.0000,0.00,0.0000,0.0000,0.00,0.0000,0.0000,0.00,0.000000,0.0000,0.0000,0.0000
1.24,0.0000,0.0000,0.0000,0.0000,0.0000,0.0000,0.0000,0.0000,0.0000,0.0000,0.00,0.0000,0.0000,0.00,0.0000,0.0000,0.00,0.000000,0.0000,0.0000,0.0000
1.45,0.0000,0.0000,0.0000,0.0000,0.0000,0.0000,0.0000,0.0000,0.0000,0.0000,0.00,0.0000,0.0000,0.00,0.0000,0.0000,0.00,0.000000,0.0000,0.0000,0.0000
1.66,0.0000,0.0000,0.0000,0.0000,0.0000,0.0000,0.0000,0.0000,0.0000,0.0000,0.00,-0.0655,0.0328,39.58,0.0000,0.0000,0.00,0.354598,0.0000,0.0000,0.0000
1.87,0.0000,0.0000,0.0000,0.0000,0.0000,0.0000,0.0000,0.0000,0.0000,0.0000,0.00,-0.0655,0.0328,39.58,0.0000,0.0000,0.00,0.000000,0.0000,0.0000,0.0000
2.07,0.0000,0.0000,0.0000,0.0000,0.0000,0.0000,0.0000,0.0000,0.0000,0.0000,0.00,-0.0655,0.0328,39.58,0.0000,0.0000,0.00,0.000000,0.0000,0.0000,0.0000
2.29,0.0000,0.0000,0.0000,0.0000,0.0000,0.0000,0.0000,0.0000,0.0000,0.0000,0.00,-0.0655,0.0328,39.58,0.0000,0.0000,0.00,0.000000,0.0000,0.0000,0.0000
2.50,0.0000,0.0000,0.0000,0.0000,0.0000,0.0000,0.0000,0.0000,0.0000,0.0000,0.00,-0.0655,0.0328,39.58,0.0000,0.0000,0.00,0.000000,0.0000,0.0000,0.0000
2.70,0.0000,0.0000,0.0000,0.0000,0.0000,0.0000,0.0000,0.0000,0.0000,0.0000,0.00,-0.0655,0.0328,39.58,0.0000,0.0000,0.00,0.000000,0.0000,0.0000,0.0000
2.92,0.0000,0.0000,0.0000,0.0000,0.0000,0.0000,0.0000,0.0000,0.0000,0.0000,0.00,-0.0655,0.0328,39.58,0.0000,0.0000,0.00,0.000000,0.0000,0.0000,0.0000
3.13,0.0000,0.0000,0.0000,0.0000,0.0000,0.0000,0.0000,0.0000,0.0000,0.0000,-69.42,-0.0655,0.0328,39.58,0.0000,0.0000,0.00,0.000000,0.0000,0.0000,0.0000
3.33,0.0000,0.0000,0.0000,0.0000,0.0000,0.0000,0.0000,0.0000,0.0000,0.0000,-69.44,-0.0655,0.0328,39.58,0.0000,0.0000,0.00,0.000000,0.0000,0.0000,0.0000
3.54,0.0000,0.0000,0.0000,0.0000,0.0000,0.0000,0.0000,0.0000,0.0000,0.0000,-69.43,-0.0655,0.0328,39.58,0.0000,0.0000,0.00,0.000000,0.0000,0.0000,0.0000
3.74,0.0000,0.0000,0.0000,0.0000,0.0000,0.0000,0.0000,0.0000,0.0000,0.0000,-69.46,-0.0655,0.0328,39.58,0.0000,0.0000,0.00,0.000000,0.0000,0.0000,0.0000
3.94,0.0000,0.0000,0.0000,0.0000,0.0000,0.0000,0.0000,0.0000,0.0000,0.0000,-69.46,-0.0655,0.0328,39.58,0.0000,0.0000,0.00,0.000000,0.0000,0.0000,0.0000
4.14,0.0000,0.0000,0.0000,0.0000,0.0000,0.0000,0.0000,0.0000,0.0000,0.0000,-69.47,-0.0655,0.0328,39.58,0.0000,0.0000,0.00,0.000000,0.0000,0.0000,0.0000
4.35,0.0000,0.0000,0.0000,0.0000,0.0000,0.0000,0.0000,0.0000,0.0000,0.0000,-69.48,-0.0655,0.0328,39.58,0.0000,0.0000,0.00,0.000000,0.0000,0.0000,0.0000
4.56,0.0000,0.0000,0.0000,0.0000,0.0000,0.0000,0.0000,0.0000,0.0000,0.0000,-69.48,-0.0655,0.0328,39.58,0.0000,0.0000,0.00,0.000000,0.0000,0.0000,0.0000
4.76,0.0000,0.0000,0.0000,0.0000,0.0000,0.0000,0.0000,0.0000,0.0000,0.0000,-69.49,-0.0655,0.0328,39.58,0.0000,0.0000,0.00,0.000000,0.0000,0.0000,0.0000
4.96,0.0000,0.0000,0.0000,0.0000,0.0000,0.0000,0.0000,0.0000,0.0000,0.0000,-69.49,-0.0655,0.0328,39.58,0.0000,0.0000,0.00,0.000000,0.0000,0.0000,0.0000
5.16,0.0000,0.0000,0.0000,0.0000,0.0000,0.0000,0.0000,0.0000,0.0000,0.0000,-69.50,-0.0655,0.0328,39.58,0.0000,0.0000,0.00,0.000000,0.0000,0.0000,0.0000
5.36,0.0000,0.0000,0.0000,0.0000,0.0000,0.0000,0.0000,0.0000,0.0000,0.0000,-69.51,-0.0655,0.0328,39.58,0.0000,0.0000,0.00,0.000000,0.0000,0.0000,0.0000
5.56,0.0000,0.0000,0.0000,0.0000,0.0000,0.0000,0.0000,0.0000,0.0000,0.0000,-69.51,-0.0655,0.0328,39.58,0.0000,0.0000,0.00,0.000000,0.0000,0.0000,0.0000
5.77,0.0000,0.0000,0.0000,0.0000,0.0000,0.0000,0.0000,0.0000,0.0000,0.0000,-69.52,-0.0655,0.0328,39.58,0.0000,0.0000,0.00,0.000000,0.0000,0.0000,0.0000
5.97,0.0000,0.0000,0.0000,0.0000,0.0000,0.0000,0.0000,0.0000,0.0000,0.0000,-69.52,-0.0655,0.0328,39.58,0.0000,0.0000,0.00,0.000000,0.0000,0.0000,0.0000
6.18,0.0000,0.0000,0.0000,0.0000,0.0000,0.0000,0.0000,0.0000,0.0000,0.0000,-69.52,-0.0655,0.0328,39.58,0.0000,0.0000,0.00,0.000000,0.0000,0.0000,0.0000
6.38,0.0000,0.0000,0.0000,0.0000,0.0000,0.0000,0.0000,0.0000,0.0000,0.0000,-69.52,-0.0655,0.0328,39.58,0.0000,0.0000,0.00,0.000000,0.0000,0.0000,0.0000
6.60,0.0000,0.0000,0.0000,0.0000,0.0000,0.0000,0.0000,0.0000,0.0000,0.0000,-69.52,-0.0655,0.0328,39.58,0.0000,0.0000,0.00,0.000000,0.0000,0.0000,0.0000
6.80,0.0000,0.0000,0.0000,0.0000,0.0000,0.0000,0.0000,0.0000,0.0000,0.0000,-69.52,-0.0655,0.0328,39.58,0.0000,0.0000,0.00,0.000000,0.0000,0.0000,0.0000
7.00,0.0000,0.0000,0.0000,0.0000,0.0000,0.0000,0.0000,0.0000,0.0000,0.0000,-69.52,-0.0655,0.0328,39.58,0.0000,0.0000,0.00,0.000000,0.0000,0.0000,0.0000
7.20,0.0000,0.0000,0.0000,0.0000,0.0000,0.0000,0.0000,0.0000,0.0000,0.0000,-69.53,-0.0655,0.0328,39.58,0.0000,0.0000,0.00,0.000000,0.0000,0.0000,0.0000
7.40,0.0000,0.0000,0.0000,0.0000,0.0000,0.0000,0.0000,0.0000,0.0000,0.0000,-69.53,-0.0655,0.0328,39.58,0.0000,0.0000,0.00,0.000000,0.0000,0.0000,0.0000
7.60,0.0000,0.0000,0.0000,0.0000,0.0000,0.0000,0.0000,0.0000,0.0000,0.0000,-69.52,-0.0655,0.0328,39.58,0.0000,0.0000,0.00,0.000000,0.0000,0.0000,0.0000
7.80,0.0000,0.0000,0.0000,0.0000,0.0000,0.0000,0.0000,0.0000,0.0000,0.0000,-69.53,-0.0655,0.0328,39.58,0.0000,0.0000,0.00,0.000000,0.0000,0.0000,0.0000
8.01,0.0000,0.0000,0.0000,0.0000,0.0000,0.0000,0.0000,0.0000,0.0000,0.0000,-69.54,-0.0655,0.0328,39.58,0.0000,0.0000,0.00,0.000000,0.0000,0.0000,0.0000
8.21,0.0000,0.0000,0.0000,0.0000,0.0000,0.0000,0.0000,0.0000,0.0000,0.0000,-69.53,-0.0655,0.0328,39.58,0.0000,0.0000,0.00,0.000000,0.0000,0.0000,0.0000
8.42,0.0000,0.0000,0.0000,0.0000,0.0000,0.0000,0.0000,0.0000,0.0000,0.0000,-69.54,-0.0655,0.0328,39.58,0.0000,0.0000,0.00,0.000000,0.0000,0.0000,0.0000
8.62,0.0000,0.0000,0.0000,0.0000,0.0000,0.0000,0.0000,0.0000,0.0000,0.0000,-69.54,-0.0655,0.0328,39.58,0.0000,0.0000,0.00,0.000000,0.0000,0.0000,0.0000
8.82,0.0000,0.0000,0.0000,0.0000,0.0000,0.0000,0.0000,0.0000,0.0000,0.0000,-69.55,-0.0655,0.0328,39.58,0.0000,0.0000,0.00,0.000000,0.0000,0.0000,0.0000
9.02,0.0000,0.0000,0.0000,0.0000,0.0000,0.0000,0.0000,0.0000,0.0000,0.0000,-69.54,-0.0655,0.0328,39.58,0.0000,0.0000,0.00,0.000000,0.0000,0.0000,0.0000
9.22,0.0000,0.0000,0.0000,0.0000,0.0000,0.0000,0.0000,0.0000,0.0000,0.0000,-69.54,-0.0655,0.0328,39.58,0.0000,0.0000,0.00,0.000000,0.0000,0.0000,0.0000
9.42,0.0000,0.0000,0.0000,0.0000,0.0000,0.0000,0.0000,0.0000,0.0000,0.0000,-69.55,-0.0655,0.0328,39.58,0.0000,0.0000,0.00,0.000000,0.0000,0.0000,0.0000
9.62,0.0000,0.0000,0.0000,0.0000,0.0000,0.0000,0.0000,0.0000,0.0000,0.0000,-69.55,-0.0655,0.0328,39.58,0.0000,0.0000,0.00,0.000000,0.0000,0.0000,0.0000
9.82,0.0000,0.0000,0.0000,0.0000,0.0000,0.0000,0.0000,0.0000,0.0000,0.0000,-69.55,-0.0655,0.0328,39.58,0.0000,0.0000,0.00,0.000000,0.0000,0.0000,0.0000
10.03,0.0000,0.0000,0.0000,0.0000,0.0000,0.0000,0.0000,0.0000,0.0000,0.0000,-69.55,-0.0655,0.0328,39.58,0.0000,0.0000,0.00,0.000000,0.0000,0.0000,0.0000
10.23,0.0000,0.0000,0.0000,0.0000,0.0000,0.0000,0.0000,0.0000,0.0000,0.0000,-69.56,-0.0655,0.0328,39.58,0.0000,0.0000,0.00,0.000000,0.0000,0.0000,0.0000
10.43,0.0000,0.0000,0.0000,0.0000,0.0000,0.0000,0.0000,0.0000,0.0000,0.0000,-69.57,-0.0655,0.0328,39.58,0.0000,0.0000,0.00,0.000000,0.0000,0.0000,0.0000
10.63,0.0100,0.0000,0.0000,0.0000,0.0000,0.0000,0.0000,0.0000,0.0000,0.0000,-69.57,-0.0655,0.0328,39.58,0.0000,0.0000,0.00,0.000000,0.0000,0.0000,0.0000
10.83,0.0000,0.0000,0.0000,0.0000,0.0000,0.0000,0.0000,0.0000,0.0000,0.0000,-69.58,-0.0655,0.0328,39.58,0.0000,0.0000,0.00,0.000000,0.0000,0.0000,0.0000
11.04,0.0000,0.0000,0.0000,0.0000,0.0000,0.0000,0.0000,0.0000,0.0000,0.0000,-69.59,-0.0655,0.0328,39.58,0.0000,0.0000,0.00,0.000000,0.0000,0.0000,0.0000
11.24,0.0000,0.0000,0.0000,0.0000,0.0000,0.0000,0.0000,0.0000,0.0000,0.0000,-69.60,-0.0655,0.0328,39.58,0.0000,0.0000,0.00,0.000000,0.0000,0.0000,0.0000
11.44,0.0000,0.0000,0.0000,0.0000,0.0000,0.0000,0.0000,0.0000,0.0000,0.0000,-69.60,-0.0655,0.0328,39.58,0.0000,0.0000,0.00,0.000000,0.0000,0.0000,0.0000
11.64,0.0000,0.0000,0.0000,0.0000,0.0000,0.0000,0.0000,0.0000,0.0000,0.0000,-69.61,-0.0655,0.0328,39.58,0.0000,0.0000,0.00,0.000000,0.0000,0.0000,0.0000
11.84,0.0000,0.0000,0.0000,0.0000,0.0000,0.0000,0.0000,0.0000,0.0000,0.0000,-69.61,-0.0655,0.0328,39.58,0.0000,0.0000,0.00,0.000000,0.0000,0.0000,0.0000
12.04,0.0000,0.0000,0.0000,0.0000,0.0000,0.0000,0.0000,0.0000,0.0000,0.0000,-69.61,-0.0655,0.0328,39.58,0.0000,0.0000,0.00,0.000000,0.0000,0.0000,0.0000
12.24,0.0100,0.0000,0.0000,0.0000,0.0000,0.0000,0.0000,0.0000,0.0000,0.0000,-69.62,-0.0655,0.0328,39.58,0.0000,0.0000,0.00,0.000000,0.0000,0.0000,0.0000
12.45,0.0100,0.0000,0.0000,0.0000,0.0000,0.0000,0.0000,0.0000,0.0000,0.0000,-69.62,-0.0655,0.0328,39.58,0.0000,0.0000,0.00,0.000000,0.0000,0.0000,0.0000
12.66,0.0100,0.0000,0.0000,0.0000,0.0000,0.0000,0.0000,0.0000,0.0000,0.0000,-69.63,-0.0655,0.0328,39.58,0.0000,0.0000,0.00,0.000000,0.0000,0.0000,0.0000
12.86,0.0000,0.0000,0.0000,0.0000,0.0000,0.0000,0.0000,0.0000,0.0000,0.0000,-69.63,-0.0655,0.0328,39.58,0.0000,0.0000,0.00,0.000000,0.0000,0.0000,0.0000
13.06,0.0100,0.0000,0.0000,0.0000,0.0000,0.0000,0.0000,0.0000,0.0000,0.0000,-69.64,-0.0655,0.0328,39.58,0.0000,0.0000,0.00,0.000000,0.0000,0.0000,0.0000
13.26,0.0100,0.0000,0.0000,0.0000,0.0000,0.0000,0.0000,0.0000,0.0000,0.0000,-69.64,-0.0655,0.0328,39.58,0.0000,0.0000,0.00,0.000000,0.0000,0.0000,0.0000
13.46,0.0100,0.0000,0.0000,0.0000,0.0000,0.0000,0.0000,0.0000,0.0000,0.0000,-69.64,-0.0655,0.0328,39.58,0.0000,0.0000,0.00,0.000000,0.0000,0.0000,0.0000
13.66,0.0100,0.0000,0.0000,0.0000,0.0000,0.0000,0.0000,0.0000,0.0000,0.0000,-69.65,-0.0655,0.0328,39.58,0.0000,0.0000,0.00,0.000000,0.0000,0.0000,0.0000
13.87,0.0100,0.0000,0.0000,0.0000,0.0000,0.0000,0.0000,0.0000,0.0000,0.0000,-69.65,-0.0655,0.0328,39.58,0.0000,0.0000,0.00,0.000000,0.0000,0.0000,0.0000
14.08,0.0000,0.0000,0.0000,0.0000,0.0000,0.0000,0.0000,0.0000,0.0000,0.0000,-69.65,-0.0655,0.0328,39.58,0.0000,0.0000,0.00,0.000000,0.0000,0.0000,0.0000
14.28,0.0000,0.0000,0.0000,0.0000,0.0000,0.0000,0.0000,0.0000,0.0000,0.0000,-69.65,-0.0655,0.0328,39.58,0.0000,0.0000,0.00,0.000000,0.0000,0.0000,0.0000
14.48,0.0000,0.0000,0.0000,0.0000,0.0000,0.0000,0.0000,0.0000,0.0000,0.0000,-69.63,-0.0655,0.0328,39.58,0.0000,0.0000,0.00,0.000000,0.0000,0.0000,0.0000
14.68,0.0000,0.0000,0.0000,0.0000,0.0000,0.0000,0.0000,0.0000,0.0000,0.0000,-69.40,-0.0655,0.0328,39.58,0.0000,0.0000,0.00,0.000000,0.0000,0.0000,0.0000
14.88,0.0100,0.0000,0.0000,0.0000,0.0000,0.0000,0.0000,0.0000,0.0000,0.0000,-69.98,-0.0934,0.0691,40.09,-0.0934,0.0691,-29.70,0.228811,0.0934,-0.0691,0.0000
15.09,0.0200,0.0000,0.0000,0.0000,0.0000,0.0000,0.0027,0.0000,0.0027,0.0000,-68.92,-0.0934,0.0691,40.09,-0.0934,0.0691,-29.70,0.000000,0.0961,-0.0691,0.0000
15.29,0.0400,0.0000,0.0400,0.0000,0.0375,0.0000,0.0073,0.0000,0.0073,0.0000,-67.63,-0.0352,0.0313,40.29,-0.0320,0.0340,-27.93,0.347066,0.0393,-0.0340,0.0000
15.49,0.0200,0.0000,0.0200,0.0000,0.0300,0.0000,0.0146,0.0000,0.0146,0.0000,-66.77,-0.0279,0.0263,41.27,-0.0224,0.0311,-26.35,0.044342,0.0370,-0.0311,0.0000
15.70,-0.0100,0.0000,0.0000,0.0000,0.0000,0.0000,0.0162,0.0000,0.0162,0.0000,-66.33,-0.0469,0.0195,41.81,-0.0360,0.0292,-24.94,0.099567,0.0522,-0.0292,0.0000
15.90,-0.0500,0.0000,-0.0400,0.0000,-0.0394,0.0000,0.0129,0.0000,0.0129,0.0000,-66.13,-0.0469,0.0195,41.81,-0.0360,0.0292,-24.94,0.000000,0.0489,-0.0292,0.0000
16.10,-0.0800,0.0000,-0.0800,0.0000,-0.0744,0.0000,-0.0002,0.0000,0.0009,0.0000,-66.44,-0.0531,0.0086,41.29,-0.0434,0.0171,-24.82,0.062175,0.0432,-0.0171,0.0000
16.30,-0.0900,0.0000,-0.0900,0.0000,-0.0894,0.0000,-0.0169,0.0000,-0.0169,0.0000,-67.28,-0.0648,0.0207,40.77,-0.0642,0.0212,-25.65,0.082593,0.0473,-0.0212,0.0000
16.51,-0.0600,0.0100,-0.0600,0.0000,-0.0621,0.0000,-0.0337,0.0000,-0.0318,0.0000,-67.60,-0.0769,0.0385,40.58,-0.0965,0.0156,-27.35,0.106376,0.0628,-0.0156,0.0000
16.71,-0.0300,0.0100,-0.0300,0.0000,-0.0301,0.0035,-0.0423,0.0032,-0.0423,0.0032,-67.57,-0.1011,0.0579,39.93,-0.1353,0.0335,-27.63,0.154168,0.0930,-0.0302,0.0000
16.92,-0.0100,0.0200,0.0000,0.0200,-0.0020,0.0200,-0.0464,0.0062,-0.0464,0.0062,-68.03,-0.1011,0.0579,39.93,-0.1353,0.0335,-27.63,0.000000,0.0888,-0.0272,0.0201
17.12,-0.0100,0.0100,0.0000,0.0200,-0.0000,0.0200,-0.0465,0.0102,-0.0465,0.0102,-68.17,-0.1310,0.0646,39.78,-0.1717,0.0409,-28.45,0.152682,0.1252,-0.0308,0.0200
17.32,-0.0100,0.0000,0.0000,0.0000,-0.0000,0.0000,-0.0465,0.0107,-0.0465,0.0107,-68.21,-0.1310,0.0646,39.78,-0.1717,0.0409,-28.45,0.000000,0.1252,-0.0302,0.0000
17.52,-0.0100,0.0000,0.0000,0.0000,-0.0000,0.0000,-0.0465,0.0107,-0.0465,0.0107,-68.14,-0.1310,0.0646,39.78,-0.1717,0.0409,-28.45,0.000000,0.1252,-0.0302,0.0000
17.72,-0.0100,0.0000,0.0000,0.0000,-0.0000,0.0000,-0.0465,0.0107,-0.0465,0.0107,-68.25,-0.1310,0.0646,39.78,-0.1717,0.0409,-28.45,0.000000,0.1252,-0.0302,0.0000
17.92,-0.0100,0.0000,0.0000,0.0000,-0.0000,0.0000,-0.0465,0.0107,-0.0465,0.0107,-68.56,-0.1310,0.0646,39.78,-0.1717,0.0409,-28.45,0.000000,0.1252,-0.0302,0.0000
18.12,-0.0100,0.0000,0.0000,0.0000,-0.0000,0.0000,-0.0465,0.0107,-0.0465,0.0107,-68.35,-0.1310,0.0646,39.78,-0.1717,0.0409,-28.45,0.000000,0.1252,-0.0302,0.0000
18.32,-0.0100,0.0000,0.0000,0.0000,-0.0000,0.0000,-0.0465,0.0107,-0.0465,0.0107,-68.34,-0.1310,0.0646,39.78,-0.1717,0.0409,-28.45,0.000000,0.1252,-0.0302,0.0000
18.52,0.0000,0.0000,0.0000,0.0000,-0.0000,0.0000,-0.0465,0.0107,-0.0465,0.0107,-68.45,-0.1310,0.0646,39.78,-0.1717,0.0409,-28.45,0.000000,0.1252,-0.0302,0.0000
18.73,0.0000,0.0000,0.0000,0.0000,-0.0000,0.0000,-0.0465,0.0107,-0.0465,0.0107,-68.45,-0.1310,0.0646,39.78,-0.1717,0.0409,-28.45,0.000000,0.1252,-0.0302,0.0000
18.93,0.0000,0.0000,0.0000,0.0000,-0.0000,0.0000,-0.0465,0.0107,-0.0465,0.0107,-68.46,-0.1310,0.0646,39.78,-0.1717,0.0409,-28.45,0.000000,0.1252,-0.0302,0.0000
19.13,0.0000,0.0000,0.0000,0.0000,-0.0000,0.0000,-0.0465,0.0107,-0.0465,0.0107,-68.44,-0.1310,0.0646,39.78,-0.1717,0.0409,-28.45,0.000000,0.1252,-0.0302,0.0000
19.34,0.0000,0.0000,0.0000,0.0000,-0.0000,0.0000,-0.0465,0.0107,-0.0465,0.0107,-68.48,-0.1310,0.0646,39.78,-0.1717,0.0409,-28.45,0.000000,0.1252,-0.0302,0.0000
19.54,0.0000,-0.0100,0.0000,0.0000,-0.0000,0.0000,-0.0465,0.0107,-0.0465,0.0107,-68.53,-0.1310,0.0646,39.78,-0.1717,0.0409,-28.45,0.000000,0.1252,-0.0302,0.0000
19.74,0.0000,0.0000,0.0000,0.0000,-0.0000,0.0000,-0.0465,0.0107,-0.0465,0.0107,-68.33,-0.1310,0.0646,39.78,-0.1717,0.0409,-28.45,0.000000,0.1252,-0.0302,0.0000
19.94,0.0000,0.0000,0.0000,0.0000,-0.0000,0.0000,-0.0465,0.0107,-0.0465,0.0107,-68.22,-0.1310,0.0646,39.78,-0.1717,0.0409,-28.45,0.000000,0.1252,-0.0302,0.0000
20.14,0.0000,0.0000,0.0000,0.0000,-0.0000,0.0000,-0.0465,0.0107,-0.0465,0.0107,-68.09,-0.1310,0.0646,39.78,-0.1717,0.0409,-28.45,0.000000,0.1252,-0.0302,0.0000
20.34,0.0000,0.0000,0.0000,0.0000,-0.0000,0.0000,-0.0465,0.0107,-0.0465,0.0107,-68.13,-0.1310,0.0646,39.78,-0.1717,0.0409,-28.45,0.000000,0.1252,-0.0302,0.0000
20.54,0.0000,0.0000,0.0000,0.0000,-0.0000,0.0000,-0.0465,0.0107,-0.0465,0.0107,-68.20,-0.1310,0.0646,39.78,-0.1717,0.0409,-28.45,0.000000,0.1252,-0.0302,0.0000
20.75,0.0000,0.0000,0.0000,0.0000,-0.0000,0.0000,-0.0465,0.0107,-0.0465,0.0107,-67.95,-0.1310,0.0646,39.78,-0.1717,0.0409,-28.45,0.000000,0.1252,-0.0302,0.0000
20.95,0.0000,0.0000,0.0000,0.0000,-0.0000,0.0000,-0.0465,0.0107,-0.0465,0.0107,-68.12,-0.1310,0.0646,39.78,-0.1717,0.0409,-28.45,0.000000,0.1252,-0.0302,0.0000
21.16,0.0000,0.0000,0.0000,0.0000,-0.0000,0.0000,-0.0465,0.0107,-0.0465,0.0107,-68.20,-0.1310,0.0646,39.78,-0.1717,0.0409,-28.45,0.000000,0.1252,-0.0302,0.0000
21.36,0.0000,0.0000,0.0000,0.0000,-0.0000,0.0000,-0.0465,0.0107,-0.0465,0.0107,-68.16,-0.1310,0.0646,39.78,-0.1717,0.0409,-28.45,0.000000,0.1252,-0.0302,0.0000
21.56,0.0000,0.0000,0.0000,0.0000,-0.0000,0.0000,-0.0465,0.0107,-0.0465,0.0107,-68.27,-0.1310,0.0646,39.78,-0.1717,0.0409,-28.45,0.000000,0.1252,-0.0302,0.0000
21.76,0.0000,0.0000,0.0000,0.0000,-0.0000,0.0000,-0.0465,0.0107,-0.0465,0.0107,-68.47,-0.1310,0.0646,39.78,-0.1717,0.0409,-28.45,0.000000,0.1252,-0.0302,0.0000
21.96,-0.0100,-0.0100,0.0000,0.0000,-0.0000,0.0000,-0.0465,0.0107,-0.0465,0.0107,-68.58,-0.1310,0.0646,39.78,-0.1717,0.0409,-28.45,0.000000,0.1252,-0.0302,0.0000
22.17,-0.0100,0.0000,0.0000,0.0000,-0.0000,0.0000,-0.0465,0.0107,-0.0465,0.0107,-68.75,-0.1310,0.0646,39.78,-0.1717,0.0409,-28.45,0.000000,0.1252,-0.0302,0.0000
22.38,-0.0300,0.0000,-0.0200,0.0000,-0.0200,0.0000,-0.0475,0.0107,-0.0475,0.0107,-68.63,-0.1310,0.0646,39.78,-0.1717,0.0409,-28.45,0.000000,0.1242,-0.0302,0.0200
22.58,-0.0700,-0.0100,-0.0700,0.0000,-0.0499,0.0000,-0.0554,0.0107,-0.0554,0.0107,-68.58,-0.1310,0.0646,39.78,-0.1717,0.0409,-28.45,0.000000,0.1163,-0.0302,0.0000
22.78,-0.1400,0.0000,-0.1400,0.0000,-0.1202,0.0000,-0.0725,0.0107,-0.0725,0.0107,-68.08,-0.1177,0.0782,39.45,-0.1728,0.0467,-28.95,0.095187,0.1003,-0.0360,0.0000
22.98,-0.2000,0.0000,-0.2000,0.0000,-0.1706,0.0000,-0.1008,0.0107,-0.1008,0.0107,-67.76,-0.1203,0.1117,40.21,-0.1945,0.0629,-27.18,0.167211,0.0938,-0.0522,0.0000
23.18,-0.2400,0.0200,-0.2400,0.0000,-0.2330,0.0000,-0.1459,0.0107,-0.1432,0.0107,-69.25,-0.1350,0.1864,40.11,-0.2353,0.1158,-28.82,0.371553,0.0893,-0.1051,0.0000
23.38,-0.2500,-0.0100,-0.2500,0.0000,-0.2465,0.0000,-0.1931,0.0107,-0.1890,0.0107,-69.10,-0.1720,0.2293,39.09,-0.3085,0.1322,-29.97,0.281404,0.1154,-0.1215,0.0000
23.59,-0.2400,-0.0200,-0.2400,0.0000,-0.2488,0.0000,-0.2446,0.0107,-0.2446,0.0107,-68.32,-0.2188,0.2971,38.56,-0.3960,0.1696,-30.21,0.403764,0.1514,-0.1589,0.0000
23.79,-0.2300,0.0100,-0.2300,0.0000,-0.2397,0.0000,-0.2923,0.0107,-0.2923,0.0107,-66.54,-0.2907,0.3395,38.54,-0.4859,0.1561,-28.98,0.412167,0.1936,-0.1454,0.0000
23.99,-0.2100,0.0200,-0.2100,0.0000,-0.2132,0.0000,-0.3372,0.0107,-0.3372,0.0107,-67.13,-0.2841,0.3714,38.01,-0.5554,0.1729,-29.07,0.161494,0.2182,-0.1622,0.0000
24.19,-0.1900,0.0300,-0.1900,0.0000,-0.1994,0.0000,-0.3789,0.0107,-0.3789,0.0107,-68.54,-0.2868,0.3671,37.88,-0.6001,0.1776,-30.02,0.025158,0.2213,-0.1669,0.0000
24.39,-0.1400,0.0200,-0.1400,0.0000,-0.1541,0.0000,-0.4151,0.0107,-0.4151,0.0107,-68.67,-0.2862,0.3980,38.27,-0.6170,0.1507,-30.44,0.153392,0.2019,-0.1400,0.0000
24.59,-0.0800,0.0100,-0.0800,0.0000,-0.1065,0.0000,-0.4406,0.0107,-0.4406,0.0107,-68.51,-0.3170,0.4634,38.54,-0.6678,0.1976,-29.95,0.361299,0.2272,-0.1869,0.0000
24.80,-0.0400,0.0100,-0.0400,0.0000,-0.0512,0.0000,-0.4556,0.0107,-0.4556,0.0107,-68.85,-0.3072,0.5332,38.78,-0.6684,0.2567,-30.06,0.349391,0.2129,-0.2460,0.0000
25.00,-0.0300,0.0000,-0.0300,0.0000,-0.0303,0.0000,-0.4642,0.0107,-0.4638,0.0107,-68.27,-0.3072,0.5332,38.78,-0.6684,0.2567,-30.06,0.000000,0.2043,-0.2460,0.0000
25.20,-0.0400,0.0000,-0.0400,0.0000,-0.0398,0.0000,-0.4710,0.0107,-0.4700,0.0107,-68.12,-0.3203,0.5922,39.62,-0.6862,0.3031,-28.52,0.302343,0.2152,-0.2925,0.0000
25.40,-0.0200,0.0000,-0.0200,0.0000,-0.0300,0.0000,-0.4768,0.0107,-0.4768,0.0107,-68.17,-0.3203,0.5922,39.62,-0.6862,0.3031,-28.52,0.000000,0.2094,-0.2925,0.0000
25.60,0.0000,0.0000,0.0000,0.0000,-0.0000,0.0000,-0.4786,0.0107,-0.4786,0.0107,-68.29,-0.3337,0.5914,39.87,-0.7075,0.2930,-28.36,0.066200,0.2290,-0.2823,0.0000
25.81,0.0000,0.0000,0.0000,0.0000,-0.0000,0.0000,-0.4786,0.0107,-0.4786,0.0107,-68.26,-0.3337,0.5914,39.87,-0.7075,0.2930,-28.36,0.000000,0.2290,-0.2823,0.0000
26.01,0.0000,0.0000,0.0000,0.0000,-0.0000,0.0000,-0.4786,0.0107,-0.4786,0.0107,-68.38,-0.3337,0.5914,39.87,-0.7075,0.2930,-28.36,0.000000,0.2290,-0.2823,0.0000
26.21,0.0000,0.0000,0.0000,0.0000,-0.0000,0.0000,-0.4786,0.0107,-0.4786,0.0107,-68.26,-0.3337,0.5914,39.87,-0.7075,0.2930,-28.36,0.000000,0.2290,-0.2823,0.0000
26.41,0.0000,0.0000,0.0000,0.0000,-0.0000,0.0000,-0.4786,0.0107,-0.4786,0.0107,-68.25,-0.3337,0.5914,39.87,-0.7075,0.2930,-28.36,0.000000,0.2290,-0.2823,0.0000
26.61,0.0000,0.0000,0.0000,0.0000,-0.0000,0.0000,-0.4786,0.0107,-0.4786,0.0107,-68.53,-0.3337,0.5914,39.87,-0.7075,0.2930,-28.36,0.000000,0.2290,-0.2823,0.0000
26.82,0.0000,0.0000,0.0000,0.0000,-0.0000,0.0000,-0.4786,0.0107,-0.4786,0.0107,-68.51,-0.3337,0.5914,39.87,-0.7075,0.2930,-28.36,0.000000,0.2290,-0.2823,0.0000
27.02,0.0000,0.0000,0.0000,0.0000,-0.0000,0.0000,-0.4786,0.0107,-0.4786,0.0107,-68.38,-0.3337,0.5914,39.87,-0.7075,0.2930,-28.36,0.000000,0.2290,-0.2823,0.0000
27.22,0.0000,0.0000,0.0000,0.0000,-0.0000,0.0000,-0.4786,0.0107,-0.4786,0.0107,-68.37,-0.3337,0.5914,39.87,-0.7075,0.2930,-28.36,0.000000,0.2290,-0.2823,0.0000
27.42,0.0000,0.0100,0.0000,0.0000,-0.0000,0.0000,-0.4786,0.0107,-0.4786,0.0107,-68.28,-0.3337,0.5914,39.87,-0.7075,0.2930,-28.36,0.000000,0.2290,-0.2823,0.0000
27.63,0.0100,0.0000,0.0000,0.0000,-0.0000,0.0000,-0.4786,0.0107,-0.4786,0.0107,-68.37,-0.3337,0.5914,39.87,-0.7075,0.2930,-28.36,0.000000,0.2290,-0.2823,0.0000
27.84,0.0000,0.0100,0.0000,0.0000,-0.0000,0.0000,-0.4786,0.0107,-0.4786,0.0107,-68.37,-0.3337,0.5914,39.87,-0.7075,0.2930,-28.36,0.000000,0.2290,-0.2823,0.0000
28.04,0.0000,0.0100,0.0000,0.0000,-0.0000,0.0000,-0.4786,0.0107,-0.4786,0.0107,-68.43,-0.3337,0.5914,39.87,-0.7075,0.2930,-28.36,0.000000,0.2290,-0.2823,0.0000
28.24,0.0000,0.0100,0.0000,0.0000,-0.0000,0.0000,-0.4786,0.0107,-0.4786,0.0107,-68.27,-0.3337,0.5914,39.87,-0.7075,0.2930,-28.36,0.000000,0.2290,-0.2823,0.0000
28.44,0.0000,0.0100,0.0000,0.0000,-0.0000,0.0000,-0.4786,0.0107,-0.4786,0.0107,-68.18,-0.3337,0.5914,39.87,-0.7075,0.2930,-28.36,0.000000,0.2290,-0.2823,0.0000
28.64,0.0000,0.0100,0.0000,0.0000,-0.0000,0.0000,-0.4786,0.0107,-0.4786,0.0107,-68.06,-0.3337,0.5914,39.87,-0.7075,0.2930,-28.36,0.000000,0.2290,-0.2823,0.0000
28.85,0.0000,0.0200,0.0000,0.0200,-0.0000,0.0180,-0.4786,0.0109,-0.4786,0.0109,-67.59,-0.3337,0.5914,39.87,-0.7075,0.2930,-28.36,0.000000,0.2290,-0.2821,0.0180
29.05,0.0600,0.0000,0.0500,0.0000,0.0375,0.0000,-0.4760,0.0118,-0.4760,0.0118,-67.47,-0.3082,0.6238,40.10,-0.6818,0.3246,-27.42,0.204926,0.2057,-0.3127,0.0000
29.26,0.1200,-0.0100,0.1200,0.0000,0.1051,0.0000,-0.4598,0.0118,-0.4598,0.0118,-67.00,-0.3114,0.6148,40.08,-0.6772,0.3225,-27.18,0.047423,0.2174,-0.3107,0.0000
29.46,0.1900,-0.0200,0.1900,0.0000,0.1737,0.0000,-0.4316,0.0118,-0.4338,0.0118,-66.78,-0.3230,0.6082,40.61,-0.6689,0.3271,-26.28,0.064925,0.2373,-0.3152,0.0000
29.66,0.2500,-0.0100,0.2500,0.0000,0.2387,0.0000,-0.3873,0.0118,-0.3954,0.0118,-66.66,-0.2387,0.6495,40.68,-0.5559,0.3925,-26.02,0.466406,0.1686,-0.3806,0.0000
29.86,0.3000,0.0000,0.3000,0.0000,0.2896,0.0000,-0.3350,0.0118,-0.3350,0.0118,-66.93,-0.2726,0.6197,40.31,-0.5573,0.3937,-26.19,0.222696,0.2223,-0.3818,0.0000
30.07,0.2800,0.0200,0.2800,0.0000,0.2842,0.0000,-0.2790,0.0118,-0.2790,0.0118,-66.75,-0.2711,0.6255,41.02,-0.5087,0.4346,-25.87,0.029821,0.2297,-0.4227,0.0000
30.27,0.2200,0.0300,0.2300,0.0000,0.2419,0.0000,-0.2266,0.0118,-0.2266,0.0118,-67.65,-0.3612,0.6556,41.89,-0.5520,0.5003,-25.06,0.458158,0.3254,-0.4885,0.0000
30.47,0.1700,0.0000,0.1700,0.0000,0.1889,0.0000,-0.1840,0.0118,-0.1840,0.0118,-68.04,-0.3906,0.6468,41.97,-0.5481,0.5211,-26.29,0.153451,0.3641,-0.5092,0.0000
30.68,0.0900,-0.0100,0.0900,0.0000,0.1146,0.0000,-0.1511,0.0118,-0.1511,0.0118,-67.64,-0.3834,0.6531,41.39,-0.5157,0.5523,-26.47,0.047246,0.3645,-0.5405,0.0000
30.88,0.0100,-0.0100,0.0000,0.0000,0.0212,-0.0000,-0.1399,0.0111,-0.1399,0.0111,-66.99,-0.4337,0.6521,42.19,-0.5533,0.5597,-25.45,0.251420,0.4134,-0.5487,0.0212
31.08,0.0000,0.0000,0.0000,0.0000,0.0000,-0.0000,-0.1394,0.0111,-0.1394,0.0111,-66.39,-0.4252,0.6749,42.59,-0.5355,0.5885,-24.40,0.121552,0.3961,-0.5775,0.0000
31.28,-0.0200,0.0000,-0.0200,0.0000,-0.0200,-0.0000,-0.1411,0.0111,-0.1408,0.0111,-66.55,-0.4207,0.6810,42.41,-0.5310,0.5952,-23.96,0.037418,0.3899,-0.5841,0.0200
31.48,-0.0200,0.0000,-0.0200,0.0000,-0.0200,-0.0000,-0.1451,0.0111,-0.1449,0.0111,-66.76,-0.4207,0.6810,42.41,-0.5310,0.5952,-23.96,0.000000,0.3859,-0.5841,0.0200
31.68,0.0000,0.0000,0.0000,0.0000,-0.0000,-0.0000,-0.1464,0.0111,-0.1464,0.0111,-66.73,-0.4207,0.6810,42.41,-0.5310,0.5952,-23.96,0.000000,0.3846,-0.5841,0.0000
31.88,0.0000,0.0000,0.0000,0.0000,-0.0000,-0.0000,-0.1464,0.0111,-0.1464,0.0111,-67.31,-0.4207,0.6810,42.41,-0.5310,0.5952,-23.96,0.000000,0.3846,-0.5841,0.0000
32.08,0.0000,0.0000,0.0000,0.0000,-0.0000,-0.0000,-0.1464,0.0111,-0.1464,0.0111,-67.18,-0.4486,0.6655,43.08,-0.5630,0.5736,-24.16,0.159844,0.4167,-0.5626,0.0000
32.29,0.0000,0.0000,0.0000,0.0000,-0.0000,-0.0000,-0.1464,0.0111,-0.1464,0.0111,-66.98,-0.4486,0.6655,43.08,-0.5630,0.5736,-24.16,0.000000,0.4167,-0.5626,0.0000
32.49,0.0000,0.0000,0.0000,0.0000,-0.0000,-0.0000,-0.1464,0.0111,-0.1464,0.0111,-67.03,-0.4486,0.6655,43.08,-0.5630,0.5736,-24.16,0.000000,0.4167,-0.5626,0.0000
32.69,0.0000,0.0100,0.0000,0.0000,-0.0000,-0.0000,-0.1464,0.0111,-0.1464,0.0111,-67.00,-0.4486,0.6655,43.08,-0.5630,0.5736,-24.16,0.000000,0.4167,-0.5626,0.0000
32.89,0.0000,0.0000,0.0000,0.0000,-0.0000,-0.0000,-0.1464,0.0111,-0.1464,0.0111,-67.10,-0.4486,0.6655,43.08,-0.5630,0.5736,-24.16,0.000000,0.4167,-0.5626,0.0000
33.09,0.0000,0.0000,0.0000,0.0000,-0.0000,-0.0000,-0.1464,0.0111,-0.1464,0.0111,-67.30,-0.4486,0.6655,43.08,-0.5630,0.5736,-24.16,0.000000,0.4167,-0.5626,0.0000
33.29,0.0000,0.0000,0.0000,0.0000,-0.0000,-0.0000,-0.1464,0.0111,-0.1464,0.0111,-66.93,-0.4486,0.6655,43.08,-0.5630,0.5736,-24.16,0.000000,0.4167,-0.5626,0.0000
33.49,0.0000,0.0000,0.0000,0.0000,-0.0000,-0.0000,-0.1464,0.0111,-0.1464,0.0111,-66.79,-0.4486,0.6655,43.08,-0.5630,0.5736,-24.16,0.000000,0.4167,-0.5626,0.0000
33.69,0.0000,0.0000,0.0000,0.0000,-0.0000,-0.0000,-0.1464,0.0111,-0.1464,0.0111,-66.59,-0.4102,0.6905,42.30,-0.5258,0.6002,-24.29,0.229208,0.3795,-0.5892,0.0000
33.89,0.0000,0.0000,0.0000,0.0000,-0.0000,-0.0000,-0.1464,0.0111,-0.1464,0.0111,-66.65,-0.4102,0.6905,42.30,-0.5258,0.6002,-24.29,0.000000,0.3795,-0.5892,0.0000
34.09,0.0000,0.0000,0.0000,0.0000,-0.0000,-0.0000,-0.1464,0.0111,-0.1464,0.0111,-66.52,-0.4102,0.6905,42.30,-0.5258,0.6002,-24.29,0.000000,0.3795,-0.5892,0.0000
34.30,0.0000,0.0000,0.0000,0.0000,-0.0000,-0.0000,-0.1464,0.0111,-0.1464,0.0111,-66.48,-0.4102,0.6905,42.30,-0.5258,0.6002,-24.29,0.000000,0.3795,-0.5892,0.0000
34.50,0.0000,0.0000,0.0000,0.0000,-0.0000,-0.0000,-0.1464,0.0111,-0.1464,0.0111,-66.44,-0.4102,0.6905,42.30,-0.5258,0.6002,-24.29,0.000000,0.3795,-0.5892,0.0000
34.70,0.0000,0.0000,0.0000,0.0000,-0.0000,-0.0000,-0.1464,0.0111,-0.1464,0.0111,-66.34,-0.4102,0.6905,42.30,-0.5258,0.6002,-24.29,0.000000,0.3795,-0.5892,0.0000
34.90,0.0000,0.0000,0.0000,0.0000,-0.0000,-0.0000,-0.1464,0.0111,-0.1464,0.0111,-66.55,-0.4102,0.6905,42.30,-0.5258,0.6002,-24.29,0.000000,0.3795,-0.5892,0.0000
35.11,0.0000,-0.0100,0.0000,0.0000,-0.0000,-0.0000,-0.1464,0.0111,-0.1464,0.0111,-66.40,-0.4102,0.6905,42.30,-0.5258,0.6002,-24.29,0.000000,0.3795,-0.5892,0.0000
35.32,0.0000,-0.0100,0.0000,0.0000,-0.0000,-0.0000,-0.1464,0.0111,-0.1464,0.0111,-66.31,-0.4102,0.6905,42.30,-0.5258,0.6002,-24.29,0.000000,0.3795,-0.5892,0.0000
35.52,0.0000,-0.0200,0.0000,-0.0200,-0.0000,-0.0200,-0.1464,0.0080,-0.1464,0.0080,-66.35,-0.4102,0.6905,42.30,-0.5258,0.6002,-24.29,0.000000,0.3795,-0.5923,0.0200
35.72,-0.0100,0.0000,0.0000,0.0000,-0.0000,-0.0000,-0.1464,0.0063,-0.1464,0.0063,-66.29,-0.4102,0.6905,42.30,-0.5258,0.6002,-24.29,0.000000,0.3795,-0.5939,0.0000
35.92,0.0000,0.1000,0.0000,0.1000,-0.0000,0.0707,-0.1464,0.0130,-0.1464,0.0130,-65.96,-0.4361,0.6598,42.40,-0.5508,0.5684,-23.61,0.199258,0.4044,-0.5554,0.0000
36.12,0.0100,0.2300,0.0000,0.2300,-0.0000,0.1802,-0.1464,0.0376,-0.1464,0.0376,-65.16,-0.4639,0.6360,42.44,-0.5923,0.5595,-23.01,0.180574,0.4459,-0.5219,0.0000
36.32,0.0200,0.3200,0.0000,0.3200,-0.0000,0.3036,-0.1464,0.0945,-0.1464,0.0871,-66.07,-0.4472,0.6514,42.80,-0.6051,0.6065,-22.70,0.112711,0.4588,-0.5120,0.0000
36.52,0.0000,0.3700,0.0000,0.3700,-0.0000,0.3601,-0.1464,0.1601,-0.1464,0.1508,-68.52,-0.4038,0.6531,41.69,-0.6038,0.6576,-26.38,0.216007,0.4574,-0.4974,0.0000
36.72,-0.0200,0.3500,0.0000,0.3500,-0.0000,0.3611,-0.1464,0.2350,-0.1464,0.2350,-69.09,-0.4003,0.6737,42.10,-0.6515,0.7335,-27.10,0.103933,0.5051,-0.4986,0.0000
36.92,-0.0200,0.2800,0.0000,0.2800,-0.0000,0.3019,-0.1464,0.2986,-0.1464,0.2986,-68.36,-0.4014,0.6745,41.46,-0.6949,0.7860,-27.14,0.006805,0.5485,-0.4874,0.0000
37.13,-0.0100,0.2000,0.0000,0.2000,-0.0000,0.2248,-0.1464,0.3503,-0.1464,0.3503,-67.54,-0.4084,0.6818,41.67,-0.7407,0.8352,-26.15,0.050201,0.5944,-0.4850,0.0000
37.33,0.0000,0.1300,0.0000,0.1400,-0.0000,0.1599,-0.1464,0.3894,-0.1464,0.3894,-66.75,-0.3975,0.6928,41.94,-0.7586,0.8759,-25.08,0.074703,0.6122,-0.4866,0.0000
37.53,0.0300,0.0600,0.0300,0.0600,-0.0000,0.0786,-0.1464,0.4113,-0.1464,0.4113,-66.31,-0.3749,0.7175,42.29,-0.7565,0.9194,-24.08,0.167477,0.6101,-0.5081,0.0000
37.73,0.0300,0.0100,0.0400,0.0000,0.0375,0.0051,-0.1405,0.4198,-0.1405,0.4198,-65.57,-0.3590,0.7223,41.94,-0.7448,0.9389,-23.95,0.082079,0.6043,-0.5191,0.0000
37.94,0.0200,0.0000,0.0200,0.0000,0.0210,0.0000,-0.1345,0.4198,-0.1345,0.4198,-64.85,-0.3939,0.6679,42.26,-0.7790,0.8852,-23.01,0.322095,0.6445,-0.4653,0.0210
38.14,0.0100,0.0000,0.0000,0.0000,0.0000,0.0000,-0.1314,0.4198,-0.1314,0.4198,-65.39,-0.3939,0.6679,42.26,-0.7790,0.8852,-23.01,0.000000,0.6476,-0.4653,0.0000
38.34,0.0000,0.0000,0.0000,0.0000,0.0000,0.0000,-0.1314,0.4198,-0.1314,0.4198,-65.59,-0.3939,0.6679,42.26,-0.7790,0.8852,-23.01,0.000000,0.6476,-0.4653,0.0000
38.54,0.0000,0.0000,0.0000,0.0000,0.0000,0.0000,-0.1314,0.4198,-0.1314,0.4198,-65.61,-0.3939,0.6679,42.26,-0.7790,0.8852,-23.01,0.000000,0.6476,-0.4653,0.0000
38.74,0.0000,0.0000,0.0000,0.0000,0.0000,0.0000,-0.1314,0.4198,-0.1314,0.4198,-65.45,-0.3939,0.6679,42.26,-0.7790,0.8852,-23.01,0.000000,0.6476,-0.4653,0.0000
38.95,0.0100,0.0100,0.0000,0.0000,0.0000,0.0000,-0.1314,0.4198,-0.1314,0.4198,-65.32,-0.3939,0.6679,42.26,-0.7790,0.8852,-23.01,0.000000,0.6476,-0.4653,0.0000
39.15,0.0000,0.0100,0.0000,0.0000,0.0000,0.0000,-0.1314,0.4198,-0.1314,0.4198,-65.40,-0.3939,0.6679,42.26,-0.7790,0.8852,-23.01,0.000000,0.6476,-0.4653,0.0000
39.36,0.0000,0.0100,0.0000,0.0000,0.0000,0.0000,-0.1314,0.4198,-0.1314,0.4198,-65.24,-0.3939,0.6679,42.26,-0.7790,0.8852,-23.01,0.000000,0.6476,-0.4653,0.0000
39.56,0.0000,0.0000,0.0000,0.0000,0.0000,0.0000,-0.1314,0.4198,-0.1314,0.4198,-65.21,-0.3939,0.6679,42.26,-0.7790,0.8852,-23.01,0.000000,0.6476,-0.4653,0.0000
39.76,0.0000,0.0000,0.0000,0.0000,0.0000,0.0000,-0.1314,0.4198,-0.1314,0.4198,-65.21,-0.3939,0.6679,42.26,-0.7790,0.8852,-23.01,0.000000,0.6476,-0.4653,0.0000
39.96,0.0000,0.0100,0.0000,0.0000,0.0000,0.0000,-0.1314,0.4198,-0.1314,0.4198,-65.27,-0.3939,0.6679,42.26,-0.7790,0.8852,-23.01,0.000000,0.6476,-0.4653,0.0000
40.17,0.0000,0.0100,0.0000,0.0000,0.0000,0.0000,-0.1314,0.4198,-0.1314,0.4198,-65.23,-0.3939,0.6679,42.26,-0.7790,0.8852,-23.01,0.000000,0.6476,-0.4653,0.0000
40.37,0.0000,0.0000,0.0000,0.0000,0.0000,0.0000,-0.1314,0.4198,-0.1314,0.4198,-65.02,-0.3939,0.6679,42.26,-0.7790,0.8852,-23.01,0.000000,0.6476,-0.4653,0.0000
40.57,0.0000,-0.0500,0.0000,-0.0500,0.0000,-0.0459,-0.1314,0.4168,-0.1314,0.4168,-64.56,-0.3939,0.6679,42.26,-0.7627,0.8985,-21.98,0.000000,0.6313,-0.4817,0.0000
40.77,0.0000,-0.1400,0.0000,-0.1300,0.0000,-0.1111,-0.1314,0.4004,-0.1314,0.4004,-64.76,-0.3946,0.6621,42.11,-0.7609,0.8713,-22.55,0.028363,0.6295,-0.4709,0.0000
40.97,0.0000,-0.2100,0.0000,-0.2000,0.0000,-0.1871,-0.1314,0.3698,-0.1314,0.3698,-65.10,-0.3353,0.7344,40.99,-0.6786,0.9294,-23.98,0.465796,0.5471,-0.5596,0.0000
41.18,-0.0100,-0.2500,0.0000,-0.2500,0.0000,-0.2465,-0.1314,0.3238,-0.1314,0.3238,-65.50,-0.3324,0.7495,40.35,-0.6435,0.9132,-25.04,0.075966,0.5121,-0.5894,0.0000
41.38,-0.0100,-0.2800,0.0000,-0.2800,0.0000,-0.2749,-0.1314,0.2761,-0.1314,0.2761,-65.88,-0.3311,0.7543,40.58,-0.6115,0.8804,-25.21,0.024902,0.4801,-0.6043,0.0000
41.58,-0.0200,-0.2800,0.0000,-0.2800,0.0000,-0.2752,-0.1314,0.2127,-0.1314,0.2192,-67.37,-0.3081,0.7930,40.52,-0.5509,0.8753,-26.80,0.220391,0.4194,-0.6626,0.0000
41.78,-0.0100,-0.2700,0.0000,-0.2700,0.0000,-0.2748,-0.1314,0.1609,-0.1314,0.1609,-67.90,-0.2881,0.8199,40.47,-0.4956,0.8608,-27.41,0.166829,0.3641,-0.6999,0.0000
41.98,0.0000,-0.2100,0.0000,-0.2100,0.0000,-0.2252,-0.1314,0.1104,-0.1314,0.1137,-67.63,-0.2922,0.8208,41.24,-0.4672,0.8211,-26.41,0.020451,0.3357,-0.7107,0.0000
42.19,0.0000,-0.1600,0.0000,-0.1600,0.0000,-0.1738,-0.1314,0.0708,-0.1314,0.0708,-68.69,-0.2734,0.8101,40.96,-0.4208,0.7794,-27.63,0.105754,0.2894,-0.7087,0.0000
42.39,-0.0100,-0.0900,0.0000,-0.0900,0.0000,-0.1159,-0.1314,0.0422,-0.1314,0.0422,-69.33,-0.2607,0.8132,40.05,-0.3903,0.7632,-29.32,0.063946,0.2589,-0.7209,0.0000
42.59,-0.0200,-0.0300,-0.0200,-0.0300,-0.0200,-0.0402,-0.1332,0.0277,-0.1332,0.0277,-68.87,-0.2670,0.8063,39.75,-0.3905,0.7492,-29.48,0.046705,0.2573,-0.7215,0.0000
42.80,-0.0300,0.0000,-0.0300,0.0000,-0.0300,-0.0000,-0.1389,0.0251,-0.1389,0.0251,-68.78,-0.2641,0.8084,40.08,-0.3858,0.7387,-28.73,0.017871,0.2469,-0.7137,0.0300
43.00,-0.0200,0.0000,-0.0200,0.0000,-0.0200,-0.0000,-0.1437,0.0251,-0.1434,0.0251,-68.76,-0.2641,0.8084,40.08,-0.3858,0.7387,-28.73,0.000000,0.2421,-0.7137,0.0200
43.20,-0.0100,0.0200,0.0000,0.0200,-0.0000,0.0200,-0.1458,0.0262,-0.1458,0.0254,-69.01,-0.2641,0.8084,40.08,-0.3858,0.7387,-28.73,0.000000,0.2400,-0.7125,0.0200
43.40,-0.0100,0.0300,0.0000,0.0300,-0.0000,0.0300,-0.1458,0.0305,-0.1458,0.0305,-69.22,-0.2641,0.8084,40.08,-0.3858,0.7387,-28.73,0.000000,0.2400,-0.7082,0.0300
43.60,-0.0100,0.0300,0.0000,0.0300,-0.0000,0.0317,-0.1458,0.0376,-0.1458,0.0376,-68.96,-0.2790,0.8002,40.81,-0.4126,0.7320,-28.11,0.084949,0.2669,-0.6944,0.0000
43.81,-0.0100,0.0200,0.0000,0.0200,-0.0000,0.0201,-0.1458,0.0432,-0.1458,0.0432,-70.05,-0.2695,0.8187,40.59,-0.4077,0.7561,-29.30,0.098377,0.2619,-0.7128,0.0201
44.02,-0.0100,0.0300,0.0000,0.0300,-0.0000,0.0300,-0.1458,0.0484,-0.1458,0.0484,-69.71,-0.2695,0.8187,40.59,-0.4077,0.7561,-29.30,0.000000,0.2619,-0.7076,0.0300
44.22,-0.0100,0.0300,0.0000,0.0300,-0.0000,0.0300,-0.1458,0.0548,-0.1458,0.0544,-69.43,-0.2713,0.8205,40.30,-0.4163,0.7663,-29.11,0.012325,0.2706,-0.7114,0.0300
44.42,-0.0100,0.0100,0.0000,0.0000,-0.0000,0.0000,-0.1458,0.0580,-0.1458,0.0580,-69.46,-0.2713,0.8205,40.30,-0.4163,0.7663,-29.11,0.000000,0.2706,-0.7083,0.0000
44.62,-0.0100,0.0000,0.0000,0.0000,-0.0000,0.0000,-0.1458,0.0580,-0.1458,0.0580,-68.88,-0.2713,0.8205,40.30,-0.4163,0.7663,-29.11,0.000000,0.2706,-0.7083,0.0000
44.83,0.0000,0.0000,0.0000,0.0000,-0.0000,0.0000,-0.1458,0.0580,-0.1458,0.0580,-69.06,-0.2616,0.8373,39.64,-0.4107,0.7890,-29.18,0.093460,0.2650,-0.7310,0.0000
45.04,0.0000,0.0000,0.0000,0.0000,-0.0000,0.0000,-0.1458,0.0580,-0.1458,0.0580,-69.33,-0.2616,0.8373,39.64,-0.4107,0.7890,-29.18,0.000000,0.2650,-0.7310,0.0000
45.24,0.0000,0.0000,0.0000,0.0000,-0.0000,0.0000,-0.1458,0.0580,-0.1458,0.0580,-69.08,-0.2616,0.8373,39.64,-0.4107,0.7890,-29.18,0.000000,0.2650,-0.7310,0.0000
45.44,0.0000,0.0000,0.0000,0.0000,-0.0000,0.0000,-0.1458,0.0580,-0.1458,0.0580,-68.99,-0.2616,0.8373,39.64,-0.4107,0.7890,-29.18,0.000000,0.2650,-0.7310,0.0000
45.64,0.0000,0.0100,0.0000,0.0000,-0.0000,0.0000,-0.1458,0.0580,-0.1458,0.0580,-68.74,-0.2616,0.8373,39.64,-0.4107,0.7890,-29.18,0.000000,0.2650,-0.7310,0.0000
45.84,0.0000,0.0000,0.0000,0.0000,-0.0000,0.0000,-0.1458,0.0580,-0.1458,0.0580,-68.81,-0.2616,0.8373,39.64,-0.4107,0.7890,-29.18,0.000000,0.2650,-0.7310,0.0000
46.05,0.0000,0.0000,0.0000,0.0000,-0.0000,0.0000,-0.1458,0.0580,-0.1458,0.0580,-68.71,-0.2616,0.8373,39.64,-0.4107,0.7890,-29.18,0.000000,0.2650,-0.7310,0.0000
46.25,0.0000,0.0100,0.0000,0.0000,-0.0000,0.0000,-0.1458,0.0580,-0.1458,0.0580,-68.21,-0.2616,0.8373,39.64,-0.4107,0.7890,-29.18,0.000000,0.2650,-0.7310,0.0000
46.45,-0.0200,0.0100,0.0000,0.0000,-0.0000,0.0000,-0.1458,0.0580,-0.1458,0.0580,-67.96,-0.2562,0.8504,39.53,-0.4055,0.8023,-28.67,0.070408,0.2597,-0.7443,0.0000
46.66,-0.0600,0.0000,-0.0600,0.0000,-0.0465,0.0000,-0.1509,0.0580,-0.1509,0.0580,-68.16,-0.2562,0.8504,39.53,-0.4055,0.8023,-28.67,0.000000,0.2546,-0.7443,0.0000
46.87,-0.1200,0.0200,-0.1200,0.0000,-0.1024,0.0000,-0.1669,0.0580,-0.1659,0.0580,-67.16,-0.2540,0.8519,40.09,-0.4118,0.7946,-27.74,0.012781,0.2449,-0.7367,0.0000
47.07,-0.2000,0.0400,-0.2000,0.0000,-0.1702,0.0000,-0.1949,0.0580,-0.1949,0.0580,-66.98,-0.2546,0.8502,39.92,-0.4288,0.7798,-26.89,0.008858,0.2338,-0.7218,0.0000
47.27,-0.2800,0.0500,-0.2800,0.0000,-0.2569,0.0000,-0.2391,0.0580,-0.2391,0.0580,-67.69,-0.2570,0.8451,39.29,-0.4569,0.7562,-28.09,0.027822,0.2178,-0.6982,0.0000
47.47,-0.3100,0.0400,-0.3100,0.0000,-0.3014,0.0000,-0.2932,0.0580,-0.2932,0.0580,-68.27,-0.2472,0.8298,39.64,-0.5076,0.6892,-28.67,0.088152,0.2145,-0.6312,0.0000
47.68,-0.3000,0.0300,-0.3000,0.0000,-0.3079,0.0000,-0.3575,0.0580,-0.3575,0.0580,-67.87,-0.2378,0.8364,40.32,-0.5458,0.6511,-27.56,0.057016,0.1883,-0.5931,0.0000
47.88,-0.2300,-0.0100,-0.2300,0.0000,-0.2528,0.0000,-0.4112,0.0580,-0.4112,0.0580,-68.75,-0.2323,0.8448,40.36,-0.5802,0.6252,-28.35,0.050205,0.1690,-0.5673,0.0000
48.08,-0.1800,-0.0300,-0.1800,0.0000,-0.1993,0.0000,-0.4557,0.0580,-0.4557,0.0580,-68.22,-0.2292,0.8277,40.08,-0.6126,0.5807,-28.16,0.086658,0.1569,-0.5228,0.0000
48.28,-0.1600,-0.0300,-0.1600,0.0000,-0.1618,0.0000,-0.4959,0.0580,-0.4942,0.0580,-68.37,-0.2448,0.8152,39.84,-0.6582,0.5458,-28.53,0.097486,0.1622,-0.4878,0.0000
48.48,-0.1300,-0.0300,-0.1300,0.0000,-0.1379,0.0000,-0.5268,0.0580,-0.5268,0.0580,-67.74,-0.2492,0.8173,39.59,-0.6874,0.5301,-28.33,0.024383,0.1606,-0.4721,0.0000
48.68,-0.0700,-0.0100,-0.0700,0.0000,-0.0742,0.0000,-0.5479,0.0580,-0.5479,0.0580,-67.61,-0.2487,0.8242,40.10,-0.7029,0.5174,-27.47,0.034637,0.1550,-0.4595,0.0000
48.88,-0.0300,-0.0200,-0.0300,-0.0200,-0.0322,-0.0196,-0.5578,0.0573,-0.5574,0.0576,-68.17,-0.2463,0.8210,40.03,-0.7099,0.5069,-28.13,0.019805,0.1522,-0.4496,0.0000
49.08,-0.0200,-0.0200,-0.0200,-0.0200,-0.0300,-0.0200,-0.5638,0.0533,-0.5638,0.0533,-69.43,-0.2490,0.8205,39.58,-0.7173,0.5031,-29.71,0.013847,0.1535,-0.4498,0.0000
49.28,-0.0200,0.0000,-0.0200,0.0000,-0.0200,-0.0000,-0.5679,0.0529,-0.5679,0.0529,-70.51,-0.2466,0.8225,39.94,-0.7138,0.5002,-29.93,0.015829,0.1459,-0.4473,0.0200
49.49,-0.0100,0.0200,-0.0200,0.0000,-0.0200,-0.0000,-0.5717,0.0529,-0.5717,0.0529,-70.83,-0.2457,0.8239,40.45,-0.7130,0.4950,-30.25,0.008086,0.1413,-0.4421,0.0200
49.69,0.0000,0.0200,0.0000,0.0200,-0.0000,0.0200,-0.5723,0.0566,-0.5723,0.0566,-71.39,-0.2457,0.8239,40.45,-0.7130,0.4950,-30.25,0.000000,0.1408,-0.4384,0.0200
49.90,0.0000,0.0100,0.0000,0.0000,-0.0000,0.0200,-0.5723,0.0605,-0.5723,0.0605,-71.76,-0.2469,0.8314,41.23,-0.7154,0.4977,-30.37,0.037402,0.1432,-0.4373,0.0200
50.10,0.0000,0.0000,0.0000,0.0000,-0.0000,0.0000,-0.5723,0.0605,-0.5723,0.0605,-71.94,-0.2469,0.8314,41.23,-0.7154,0.4977,-30.37,0.000000,0.1432,-0.4372,0.0000
50.30,0.0000,0.0100,0.0000,0.0000,-0.0000,0.0000,-0.5723,0.0605,-0.5723,0.0605,-71.76,-0.2469,0.8314,41.23,-0.7154,0.4977,-30.37,0.000000,0.1432,-0.4372,0.0000
50.50,0.0000,0.0100,0.0000,0.0000,-0.0000,0.0000,-0.5723,0.0605,-0.5723,0.0605,-71.41,-0.2469,0.8314,41.23,-0.7154,0.4977,-30.37,0.000000,0.1432,-0.4372,0.0000
50.71,0.0000,0.0000,0.0000,0.0000,-0.0000,0.0000,-0.5723,0.0605,-0.5723,0.0605,-71.40,-0.2469,0.8314,41.23,-0.7154,0.4977,-30.37,0.000000,0.1432,-0.4372,0.0000
50.91,0.0000,0.0000,0.0000,0.0000,-0.0000,0.0000,-0.5723,0.0605,-0.5723,0.0605,-71.47,-0.2469,0.8314,41.23,-0.7154,0.4977,-30.37,0.000000,0.1432,-0.4372,0.0000
51.12,-0.0100,0.0000,0.0000,0.0000,-0.0000,0.0000,-0.5723,0.0605,-0.5723,0.0605,-71.40,-0.2469,0.8314,41.23,-0.7154,0.4977,-30.37,0.000000,0.1432,-0.4372,0.0000
51.32,-0.0100,0.0100,0.0000,0.0000,-0.0000,0.0000,-0.5723,0.0605,-0.5723,0.0605,-71.28,-0.2469,0.8314,41.23,-0.7154,0.4977,-30.37,0.000000,0.1432,-0.4372,0.0000
51.52,0.0000,0.0100,0.0000,0.0000,-0.0000,0.0200,-0.5723,0.0621,-0.5723,0.0616,-71.02,-0.2469,0.8314,41.23,-0.7154,0.4977,-30.37,0.000000,0.1432,-0.4357,0.0200
51.72,0.0000,0.0100,0.0000,0.0000,-0.0000,0.0000,-0.5723,0.0632,-0.5723,0.0632,-70.99,-0.2503,0.8325,41.38,-0.7207,0.5008,-29.61,0.017943,0.1485,-0.4376,0.0000
51.93,0.0100,0.0200,0.0000,0.0200,-0.0000,0.0200,-0.5723,0.0659,-0.5723,0.0659,-70.48,-0.2503,0.8325,41.38,-0.7207,0.5008,-29.61,0.000000,0.1485,-0.4349,0.0200
52.14,0.0600,0.0200,0.0600,0.0200,0.0462,0.0200,-0.5678,0.0699,-0.5678,0.0699,-70.30,-0.2514,0.8337,41.42,-0.7246,0.5072,-28.92,0.007681,0.1568,-0.4373,0.0000
52.34,0.1600,0.0100,0.1600,0.0000,0.1243,0.0000,-0.5497,0.0710,-0.5510,0.0710,-69.68,-0.2480,0.8275,41.20,-0.7148,0.5132,-28.81,0.034073,0.1651,-0.4422,0.0000
52.54,0.2400,0.0100,0.2400,0.0000,0.2189,0.0000,-0.5123,0.0710,-0.5123,0.0710,-68.80,-0.2497,0.8292,41.16,-0.6984,0.5312,-27.91,0.011854,0.1861,-0.4602,0.0000
52.74,0.2900,0.0000,0.2900,0.0000,0.2780,0.0000,-0.4647,0.0710,-0.4647,0.0710,-68.47,-0.2488,0.8182,40.78,-0.6640,0.5538,-28.11,0.054632,0.1994,-0.4828,0.0000
52.95,0.3300,-0.0300,0.3200,0.0000,0.3149,0.0000,-0.4049,0.0710,-0.4049,0.0710,-67.80,-0.2595,0.8233,41.17,-0.6327,0.5912,-26.68,0.056603,0.2278,-0.5202,0.0000
53.16,0.3100,-0.0800,0.3100,0.0000,0.3213,0.0000,-0.3405,0.0710,-0.3405,0.0710,-68.33,-0.2594,0.8303,41.01,-0.5865,0.6399,-27.02,0.034843,0.2460,-0.5689,0.0000
53.36,0.2800,-0.0600,0.2800,0.0000,0.2944,0.0000,-0.2786,0.0710,-0.2786,0.0710,-68.43,-0.2507,0.8336,41.60,-0.5059,0.7017,-26.86,0.046641,0.2273,-0.6307,0.0000
53.56,0.2100,-0.0500,0.2100,0.0000,0.2268,0.0000,-0.2203,0.0710,-0.2203,0.0710,-67.09,-0.2642,0.8305,41.63,-0.4756,0.7373,-25.52,0.068734,0.2554,-0.6664,0.0000
53.76,0.1200,-0.0300,0.1200,0.0000,0.1416,0.0000,-0.1798,0.0710,-0.1855,0.0710,-67.12,-0.2663,0.8256,41.50,-0.4625,0.7465,-25.69,0.025846,0.2827,-0.6755,0.0000
53.96,0.0400,-0.0200,0.0400,-0.0200,0.0440,-0.0198,-0.1622,0.0697,-0.1622,0.0697,-67.46,-0.2695,0.8208,41.17,-0.4452,0.7611,-26.03,0.028786,0.2830,-0.6915,0.0000
54.17,0.0000,-0.0200,0.0000,-0.0200,0.0000,-0.0200,-0.1591,0.0661,-0.1591,0.0664,-67.87,-0.2671,0.8179,41.22,-0.4324,0.7639,-26.53,0.018937,0.2733,-0.6978,0.0200
54.37,0.0000,-0.0200,0.0000,-0.0200,0.0000,-0.0200,-0.1591,0.0619,-0.1591,0.0619,-68.16,-0.2671,0.8179,41.22,-0.4324,0.7639,-26.53,0.000000,0.2733,-0.7020,0.0200
54.57,0.0000,-0.0200,0.0000,-0.0200,0.0000,-0.0200,-0.1591,0.0580,-0.1591,0.0580,-68.58,-0.2659,0.8268,41.42,-0.4251,0.7669,-26.97,0.044040,0.2660,-0.7088,0.0200
54.77,0.0000,-0.0300,0.0000,-0.0300,0.0000,-0.0300,-0.1591,0.0524,-0.1591,0.0524,-68.25,-0.2659,0.8268,41.42,-0.4251,0.7669,-26.97,0.000000,0.2660,-0.7144,0.0300
54.98,0.0000,-0.0200,0.0000,-0.0200,0.0000,-0.0210,-0.1591,0.0471,-0.1591,0.0471,-68.11,-0.2644,0.8055,40.42,-0.4180,0.7405,-27.76,0.105665,0.2589,-0.6934,0.0210
55.18,0.0000,-0.0100,0.0000,0.0000,0.0000,-0.0000,-0.1591,0.0454,-0.1591,0.0454,-68.29,-0.2644,0.8055,40.42,-0.4180,0.7405,-27.76,0.000000,0.2589,-0.6951,0.0000
55.38,0.0100,-0.0100,0.0000,0.0000,0.0000,-0.0000,-0.1591,0.0454,-0.1591,0.0454,-68.63,-0.2644,0.8055,40.42,-0.4180,0.7405,-27.76,0.000000,0.2589,-0.6951,0.0000
55.58,0.0100,-0.0100,0.0000,0.0000,0.0000,-0.0000,-0.1591,0.0454,-0.1591,0.0454,-68.47,-0.2644,0.8055,40.42,-0.4180,0.7405,-27.76,0.000000,0.2589,-0.6951,0.0000
55.78,0.0100,0.0000,0.0000,0.0000,0.0000,-0.0000,-0.1591,0.0454,-0.1591,0.0454,-68.37,-0.2644,0.8055,40.42,-0.4180,0.7405,-27.76,0.000000,0.2589,-0.6951,0.0000
55.98,0.0100,0.0000,0.0000,0.0000,0.0000,-0.0000,-0.1591,0.0454,-0.1591,0.0454,-68.43,-0.2644,0.8055,40.42,-0.4180,0.7405,-27.76,0.000000,0.2589,-0.6951,0.0000
56.19,0.0100,0.0100,0.0000,0.0000,0.0000,-0.0000,-0.1591,0.0454,-0.1591,0.0454,-68.86,-0.2616,0.8026,40.30,-0.4123,0.7343,-28.56,0.019259,0.2531,-0.6889,0.0000
56.39,0.0200,0.0300,0.0000,0.0200,0.0000,0.0200,-0.1591,0.0467,-0.1591,0.0467,-68.26,-0.2616,0.8026,40.30,-0.4123,0.7343,-28.56,0.000000,0.2531,-0.6876,0.0200
56.59,0.0200,0.0800,0.0000,0.0700,0.0200,0.0543,-0.1559,0.0542,-0.1559,0.0542,-68.30,-0.2603,0.7997,40.23,-0.4125,0.7343,-27.84,0.015923,0.2567,-0.6802,0.0000
56.80,0.0300,0.1800,0.0000,0.1800,0.0001,0.1391,-0.1555,0.0741,-0.1555,0.0741,-67.87,-0.2513,0.7769,38.90,-0.4152,0.7324,-29.27,0.121247,0.2598,-0.6583,0.0000
57.00,0.0400,0.3200,0.0000,0.3200,0.0000,0.2908,-0.1555,0.1243,-0.1555,0.1141,-67.94,-0.2424,0.7722,38.55,-0.4291,0.7568,-29.21,0.048640,0.2736,-0.6325,0.0000
57.20,0.0500,0.3800,0.0000,0.3800,0.0000,0.3683,-0.1555,0.1884,-0.1555,0.1884,-68.54,-0.2360,0.7777,38.77,-0.4590,0.8065,-29.62,0.041806,0.3035,-0.6181,0.0000
57.40,0.0400,0.3600,0.0000,0.3600,0.0000,0.3692,-0.1555,0.2619,-0.1555,0.2619,-68.37,-0.2325,0.7946,39.80,-0.5027,0.8756,-28.67,0.086041,0.3472,-0.6137,0.0000
57.61,0.0000,0.2700,0.0000,0.2700,0.0000,0.2996,-0.1555,0.3274,-0.1555,0.3274,-67.97,-0.2211,0.7887,39.61,-0.5369,0.9266,-28.61,0.061317,0.3814,-0.5992,0.0000
57.81,-0.0200,0.2100,0.0000,0.2200,0.0000,0.2296,-0.1555,0.3814,-0.1555,0.3814,-66.52,-0.2317,0.7826,39.63,-0.5836,0.9646,-27.46,0.060952,0.4281,-0.5832,0.0000
58.02,-0.0400,0.1500,0.0000,0.1500,0.0000,0.1752,-0.1555,0.4196,-0.1555,0.4196,-65.45,-0.2407,0.7637,39.59,-0.6194,0.9792,-26.20,0.103710,0.4639,-0.5596,0.0000
58.22,-0.0500,0.0700,-0.0500,0.0700,-0.0459,0.0937,-0.1592,0.4464,-0.1592,0.4464,-64.51,-0.2309,0.7575,39.39,-0.6300,0.9985,-25.42,0.057794,0.4708,-0.5521,0.0000
58.42,-0.0300,0.0200,-0.0300,0.0200,-0.0403,0.0304,-0.1686,0.4571,-0.1686,0.4571,-63.56,-0.2317,0.7641,39.66,-0.6426,1.0082,-24.57,0.033097,0.4739,-0.5511,0.0000
58.62,-0.0100,0.0100,0.0000,0.0000,-0.0020,0.0000,-0.1739,0.4598,-0.1739,0.4598,-63.66,-0.2395,0.7643,39.47,-0.6612,1.0100,-24.00,0.038134,0.4872,-0.5502,0.0020
58.82,0.0000,0.0000,0.0000,0.0000,-0.0000,0.0000,-0.1739,0.4598,-0.1739,0.4598,-64.41,-0.2403,0.7673,39.51,-0.6663,1.0115,-24.74,0.015222,0.4924,-0.5518,0.0000
59.03,0.0000,-0.0100,0.0000,0.0000,-0.0000,0.0000,-0.1739,0.4598,-0.1739,0.4598,-65.33,-0.2312,0.7679,39.21,-0.6558,1.0144,-25.82,0.045235,0.4819,-0.5546,0.0000
59.23,0.0000,0.0000,0.0000,0.0000,-0.0000,0.0000,-0.1739,0.4598,-0.1739,0.4598,-65.66,-0.2329,0.7577,39.19,-0.6575,1.0043,-26.45,0.049532,0.4836,-0.5445,0.0000
59.44,0.0000,0.0000,0.0000,0.0000,-0.0000,0.0000,-0.1739,0.4598,-0.1739,0.4598,-66.10,-0.2329,0.7577,39.19,-0.6575,1.0043,-26.45,0.000000,0.4836,-0.5445,0.0000
59.64,0.0000,0.0000,0.0000,0.0000,-0.0000,0.0000,-0.1739,0.4598,-0.1739,0.4598,-66.08,-0.2329,0.7577,39.19,-0.6575,1.0043,-26.45,0.000000,0.4836,-0.5445,0.0000
59.84,0.0000,0.0000,0.0000,0.0000,-0.0000,0.0000,-0.1739,0.4598,-0.1739,0.4598,-66.13,-0.2329,0.7577,39.19,-0.6575,1.0043,-26.45,0.000000,0.4836,-0.5445,0.0000
60.04,0.0000,-0.0100,0.0000,0.0000,-0.0000,0.0000,-0.1739,0.4598,-0.1739,0.4598,-66.24,-0.2364,0.7647,39.38,-0.6618,1.0100,-26.83,0.038058,0.4879,-0.5502,0.0000
60.24,0.0000,-0.0100,0.0000,0.0000,-0.0000,0.0000,-0.1739,0.4598,-0.1739,0.4598,-66.13,-0.2364,0.7647,39.38,-0.6618,1.0100,-26.83,0.000000,0.4879,-0.5502,0.0000
60.45,0.0000,-0.0100,0.0000,0.0000,-0.0000,0.0000,-0.1739,0.4598,-0.1739,0.4598,-66.12,-0.2364,0.7647,39.38,-0.6618,1.0100,-26.83,0.000000,0.4879,-0.5502,0.0000
60.65,0.0000,-0.0200,0.0000,-0.0200,-0.0000,-0.0198,-0.1739,0.4591,-0.1739,0.4591,-66.20,-0.2364,0.7647,39.38,-0.6618,1.0100,-26.83,0.000000,0.4879,-0.5509,0.0198
60.85,0.0000,-0.0200,0.0000,-0.0200,-0.0000,-0.0200,-0.1739,0.4550,-0.1739,0.4550,-66.21,-0.2364,0.7647,39.38,-0.6618,1.0100,-26.83,0.000000,0.4879,-0.5550,0.0200
61.06,0.0000,-0.0200,0.0000,-0.0200,-0.0000,-0.0200,-0.1739,0.4505,-0.1739,0.4505,-65.99,-0.2364,0.7647,39.38,-0.6618,1.0100,-26.83,0.000000,0.4879,-0.5595,0.0200
61.26,0.0100,-0.0500,0.0000,-0.0500,-0.0000,-0.0398,-0.1739,0.4442,-0.1739,0.4442,-65.73,-0.2371,0.7677,39.69,-0.6563,1.0017,-26.25,0.015581,0.4824,-0.5574,0.0000
61.46,0.0100,-0.1200,0.0000,-0.1200,-0.0000,-0.1032,-0.1739,0.4294,-0.1739,0.4318,-65.45,-0.2197,0.7744,39.58,-0.6282,0.9975,-25.79,0.091290,0.4543,-0.5681,0.0000
61.66,0.0100,-0.2100,0.0000,-0.2100,-0.0000,-0.1826,-0.1739,0.4011,-0.1739,0.4011,-66.36,-0.2299,0.7581,39.26,-0.6192,0.9620,-26.96,0.094883,0.4453,-0.5609,0.0000
61.86,0.0000,-0.2900,0.0000,-0.2900,-0.0000,-0.2830,-0.1739,0.3513,-0.1739,0.3513,-66.84,-0.2310,0.7664,39.65,-0.5931,0.9331,-26.97,0.041605,0.4191,-0.5818,0.0000
62.06,0.0000,-0.3300,0.0000,-0.3300,-0.0000,-0.3235,-0.1739,0.2919,-0.1739,0.2919,-66.85,-0.2417,0.7579,39.26,-0.5662,0.8817,-27.52,0.067935,0.3923,-0.5898,0.0000
62.27,0.0000,-0.3200,0.0000,-0.3200,-0.0000,-0.3247,-0.1739,0.2268,-0.1739,0.2268,-67.70,-0.2259,0.7601,39.05,-0.5082,0.8331,-28.49,0.076240,0.3343,-0.6062,0.0000
62.47,0.0000,-0.3000,0.0000,-0.3000,-0.0000,-0.3135,-0.1739,0.1597,-0.1739,0.1597,-69.41,-0.1984,0.7710,39.03,-0.4414,0.7950,-30.13,0.147051,0.2674,-0.6352,0.0000
62.68,0.0100,-0.2300,0.0000,-0.2300,-0.0000,-0.2532,-0.1739,0.1004,-0.1739,0.1004,-70.10,-0.1999,0.7771,38.91,-0.4056,0.7551,-31.14,0.031391,0.2317,-0.6547,0.0000
62.88,0.0100,-0.1400,0.0000,-0.1400,-0.0000,-0.1735,-0.1739,0.0596,-0.1739,0.0596,-70.72,-0.1808,0.8064,39.03,-0.3575,0.7482,-31.56,0.173094,0.1836,-0.6886,0.0000
63.08,0.0000,-0.0500,0.0000,-0.0500,-0.0000,-0.0561,-0.1739,0.0357,-0.1739,0.0371,-71.03,-0.1864,0.8036,39.41,-0.3516,0.7306,-31.66,0.031051,0.1777,-0.6949,0.0000
63.28,0.0000,0.0000,0.0000,0.0000,-0.0000,-0.0000,-0.1739,0.0326,-0.1739,0.0326,-71.25,-0.1958,0.8103,39.58,-0.3509,0.7250,-31.42,0.056867,0.1770,-0.6924,0.0000
63.49,0.0000,0.0000,0.0000,0.0000,-0.0000,-0.0000,-0.1739,0.0326,-0.1739,0.0326,-71.54,-0.1958,0.8103,39.58,-0.3509,0.7250,-31.42,0.000000,0.1770,-0.6924,0.0000
63.69,-0.0100,0.0000,0.0000,0.0000,-0.0000,-0.0000,-0.1739,0.0326,-0.1739,0.0326,-71.27,-0.1958,0.8103,39.58,-0.3509,0.7250,-31.42,0.000000,0.1770,-0.6924,0.0000
63.90,-0.0100,0.0100,0.0000,0.0000,-0.0000,-0.0000,-0.1739,0.0326,-0.1739,0.0326,-71.25,-0.1958,0.8103,39.58,-0.3509,0.7250,-31.42,0.000000,0.1770,-0.6924,0.0000
64.10,-0.0100,0.0100,0.0000,0.0000,-0.0000,-0.0000,-0.1739,0.0326,-0.1739,0.0326,-71.60,-0.1958,0.8103,39.58,-0.3509,0.7250,-31.42,0.000000,0.1770,-0.6924,0.0000
64.30,0.0000,0.0200,0.0000,0.0200,-0.0000,0.0200,-0.1739,0.0335,-0.1739,0.0328,-71.49,-0.1891,0.8093,39.21,-0.3444,0.7246,-32.41,0.033423,0.1705,-0.6911,0.0200
64.50,0.0000,0.0300,0.0000,0.0300,-0.0000,0.0299,-0.1739,0.0378,-0.1739,0.0378,-71.64,-0.1891,0.8093,39.21,-0.3444,0.7246,-32.41,0.000000,0.1705,-0.6868,0.0299
64.71,0.0000,0.0300,0.0000,0.0400,-0.0000,0.0400,-0.1739,0.0454,-0.1739,0.0454,-71.40,-0.1891,0.8093,39.21,-0.3444,0.7246,-32.41,0.000000,0.1705,-0.6791,0.0000
64.91,0.0000,0.0200,0.0000,0.0300,-0.0000,0.0300,-0.1739,0.0521,-0.1739,0.0521,-71.40,-0.1846,0.8048,39.57,-0.3483,0.7298,-31.85,0.032014,0.1743,-0.6777,0.0000
65.11,0.0100,0.0200,0.0000,0.0200,-0.0000,0.0200,-0.1739,0.0564,-0.1739,0.0564,-71.03,-0.1846,0.8048,39.57,-0.3483,0.7298,-31.85,0.000000,0.1743,-0.6735,0.0200
65.32,0.0200,0.0200,0.0200,0.0200,0.0200,0.0200,-0.1725,0.0604,-0.1725,0.0604,-70.36,-0.1785,0.8027,39.25,-0.3492,0.7368,-31.71,0.031765,0.1767,-0.6764,0.0283
65.52,0.0300,0.0200,0.0300,0.0200,0.0300,0.0200,-0.1677,0.0645,-0.1683,0.0641,-69.66,-0.1828,0.7965,39.86,-0.3539,0.7326,-30.45,0.036836,0.1862,-0.6681,0.0360
65.73,0.0300,0.0200,0.0300,0.0000,0.0300,0.0200,-0.1615,0.0686,-0.1615,0.0686,-69.46,-0.1945,0.7911,40.90,-0.3634,0.7302,-28.75,0.061628,0.2019,-0.6616,0.0361
65.94,0.0300,0.0200,0.0300,0.0200,0.0317,0.0197,-0.1554,0.0707,-0.1554,0.0707,-69.52,-0.1945,0.7911,40.90,-0.3634,0.7302,-28.75,0.000000,0.2080,-0.6596,0.0000
66.14,0.0000,0.0100,0.0000,0.0000,0.0000,0.0002,-0.1519,0.0736,-0.1519,0.0736,-69.18,-0.1794,0.8074,40.79,-0.3430,0.7596,-28.78,0.107962,0.1911,-0.6860,0.0002
66.34,0.0000,0.0100,0.0000,0.0000,0.0000,0.0000,-0.1519,0.0736,-0.1519,0.0736,-67.62,-0.1763,0.8093,40.35,-0.3395,0.7670,-27.92,0.017846,0.1876,-0.6934,0.0000
66.54,0.0000,0.0000,0.0000,0.0000,0.0000,0.0000,-0.1519,0.0736,-0.1519,0.0736,-66.96,-0.1686,0.8077,40.00,-0.3322,0.7664,-27.34,0.039123,0.1803,-0.6928,0.0000
66.74,0.0000,0.0000,0.0000,0.0000,0.0000,0.0000,-0.1519,0.0736,-0.1519,0.0736,-66.13,-0.1690,0.8136,40.22,-0.3324,0.7716,-26.40,0.029241,0.1805,-0.6980,0.0000
66.95,0.0000,0.0000,0.0000,0.0000,0.0000,0.0000,-0.1519,0.0736,-0.1519,0.0736,-66.73,-0.1690,0.8136,40.22,-0.3324,0.7716,-26.40,0.000000,0.1805,-0.6980,0.0000
67.15,0.0000,-0.0100,0.0000,0.0000,0.0000,0.0000,-0.1519,0.0736,-0.1519,0.0736,-67.74,-0.1733,0.8028,40.23,-0.3368,0.7608,-27.32,0.058253,0.1849,-0.6872,0.0000
67.35,0.0000,0.0000,0.0000,0.0000,0.0000,0.0000,-0.1519,0.0736,-0.1519,0.0736,-66.82,-0.1664,0.7985,39.90,-0.3301,0.7575,-27.02,0.040158,0.1782,-0.6839,0.0000
67.55,0.0000,-0.0100,0.0000,0.0000,0.0000,0.0000,-0.1519,0.0736,-0.1519,0.0736,-66.53,-0.1664,0.7985,39.90,-0.3301,0.7575,-27.02,0.000000,0.1782,-0.6839,0.0000
67.75,0.0000,-0.0200,0.0000,-0.0200,0.0000,-0.0198,-0.1519,0.0730,-0.1519,0.0730,-66.45,-0.1664,0.7985,39.90,-0.3301,0.7575,-27.02,0.000000,0.1782,-0.6844,0.0198
67.96,0.0100,-0.0100,0.0000,0.0000,0.0000,-0.0000,-0.1519,0.0703,-0.1519,0.0703,-66.56,-0.1664,0.7985,39.90,-0.3301,0.7575,-27.02,0.000000,0.1782,-0.6871,0.0000
68.16,0.0400,-0.0400,0.0400,-0.0400,0.0300,-0.0389,-0.1493,0.0674,-0.1499,0.0683,-67.05,-0.1664,0.7985,39.90,-0.3301,0.7575,-27.02,0.000000,0.1809,-0.6900,0.0000
68.36,0.0300,-0.0200,0.0300,-0.0200,0.0400,-0.0201,-0.1415,0.0613,-0.1415,0.0613,-66.51,-0.1698,0.7935,39.68,-0.3192,0.7500,-26.98,0.030114,0.1777,-0.6887,0.0000
68.57,0.0300,-0.0100,0.0300,0.0000,0.0301,-0.0000,-0.1346,0.0592,-0.1346,0.0592,-66.11,-0.1698,0.7935,39.68,-0.3192,0.7500,-26.98,0.000000,0.1845,-0.6908,0.0000
68.77,0.0300,0.0000,0.0300,0.0000,0.0318,-0.0000,-0.1269,0.0592,-0.1269,0.0592,-66.17,-0.1655,0.8055,38.87,-0.3025,0.7711,-27.29,0.060841,0.1757,-0.7119,0.0000
68.98,0.0300,0.0000,0.0300,0.0000,0.0604,-0.0216,-0.1188,0.0561,-0.1188,0.0561,-66.16,-0.1655,0.8055,38.87,-0.3025,0.7711,-27.29,0.000000,0.1837,-0.7149,0.0000
69.18,0.0600,-0.0100,0.0600,0.0000,0.0469,-0.0067,-0.1090,0.0535,-0.1095,0.0536,-66.16,-0.1536,0.7935,38.60,-0.2796,0.7646,-27.54,0.082418,0.1706,-0.7111,0.0000
69.38,0.0600,-0.0100,0.0600,0.0000,0.0599,-0.0096,-0.0977,0.0510,-0.0986,0.0512,-66.15,-0.1628,0.7855,38.28,-0.2792,0.7617,-27.87,0.061048,0.1815,-0.7107,0.0000
69.59,0.0600,-0.0100,0.0600,0.0000,0.0600,-0.0034,-0.0850,0.0483,-0.0850,0.0483,-66.17,-0.1457,0.7770,38.35,-0.2515,0.7582,-27.81,0.094140,0.1665,-0.7099,0.0000
69.79,0.0600,-0.0200,0.0600,0.0000,0.0600,-0.0033,-0.0733,0.0459,-0.0733,0.0459,-66.16,-0.1462,0.7719,38.18,-0.2408,0.7589,-27.98,0.024589,0.1675,-0.7129,0.0000
70.00,0.0600,-0.0200,0.0600,-0.0200,0.0501,-0.0065,-0.0622,0.0426,-0.0622,0.0426,-66.16,-0.1509,0.7677,37.94,-0.2343,0.7603,-28.22,0.031182,0.1721,-0.7176,0.0000
70.20,0.0500,-0.0200,0.0500,-0.0200,0.0500,-0.0021,-0.0519,0.0398,-0.0519,0.0398,-66.17,-0.1496,0.7684,37.62,-0.2223,0.7655,-28.54,0.007429,0.1704,-0.7257,0.0000
70.40,0.0500,-0.0200,0.0500,-0.0200,0.0500,-0.0192,-0.0410,0.0365,-0.0416,0.0368,-66.16,-0.1430,0.7643,37.51,-0.2013,0.7665,-28.65,0.038110,0.1603,-0.7299,0.0000
70.60,0.0400,-0.0200,0.0400,-0.0200,0.0400,-0.0143,-0.0314,0.0341,-0.0319,0.0342,-66.16,-0.1456,0.7553,37.57,-0.1937,0.7616,-28.59,0.046451,0.1623,-0.7275,0.0000
70.80,0.0400,-0.0200,0.0400,-0.0200,0.0400,-0.0143,-0.0236,0.0327,-0.0236,0.0327,-66.18,-0.1456,0.7553,37.57,-0.1937,0.7616,-28.59,0.000000,0.1701,-0.7289,0.0000
71.00,0.0400,-0.0100,0.0400,0.0000,0.0400,-0.0000,-0.0156,0.0318,-0.0156,0.0318,-66.18,-0.1587,0.7568,37.59,-0.1962,0.7685,-28.59,0.065605,0.1806,-0.7368,0.0000
71.21,0.0400,-0.0100,0.0400,0.0000,0.0400,-0.0000,-0.0072,0.0318,-0.0072,0.0318,-66.19,-0.1539,0.7512,37.35,-0.1814,0.7701,-28.84,0.035068,0.1742,-0.7384,0.0000
71.41,0.0300,-0.0100,0.0300,0.0000,0.0300,-0.0000,-0.0008,0.0318,-0.0008,0.0318,-66.19,-0.1539,0.7512,37.35,-0.1814,0.7701,-28.84,0.000000,0.1806,-0.7384,0.0000
71.61,0.0300,-0.0100,0.0300,0.0000,0.0300,-0.0000,0.0051,0.0318,0.0051,0.0318,-66.19,-0.1423,0.7569,37.24,-0.1617,0.7821,-28.95,0.064390,0.1667,-0.7503,0.0000
71.82,0.0300,-0.0100,0.0300,0.0000,0.0300,-0.0000,0.0110,0.0318,0.0110,0.0318,-66.20,-0.1423,0.7569,37.24,-0.1617,0.7821,-28.95,0.000000,0.1726,-0.7503,0.0000
72.03,0.0300,-0.0100,0.0300,0.0000,0.0300,-0.0000,0.0181,0.0318,0.0171,0.0318,-66.22,-0.1375,0.7509,36.94,-0.1470,0.7835,-29.26,0.036505,0.1651,-0.7518,0.0000
72.23,0.0200,-0.0100,0.0200,0.0000,0.0208,-0.0000,0.0226,0.0318,0.0226,0.0318,-66.22,-0.1375,0.7509,36.94,-0.1470,0.7835,-29.26,0.000000,0.1696,-0.7518,0.0208
72.43,0.0200,-0.0100,0.0200,0.0000,0.0200,-0.0000,0.0268,0.0318,0.0268,0.0318,-66.22,-0.1240,0.7469,36.58,-0.1246,0.7860,-29.64,0.068491,0.1513,-0.7542,0.0200
72.63,0.0200,-0.0100,0.0200,0.0000,0.0200,-0.0000,0.0306,0.0318,0.0306,0.0318,-66.23,-0.1240,0.7469,36.58,-0.1246,0.7860,-29.64,0.000000,0.1552,-0.7542,0.0200
72.84,0.0200,-0.0100,0.0200,0.0000,0.0200,-0.0000,0.0347,0.0318,0.0347,0.0318,-66.23,-0.1240,0.7469,36.58,-0.1246,0.7860,-29.64,0.000000,0.1592,-0.7542,0.0200
73.04,0.0200,-0.0100,0.0200,0.0000,0.0200,-0.0000,0.0390,0.0318,0.0390,0.0318,-66.23,-0.1194,0.7355,36.48,-0.1104,0.7817,-29.75,0.061108,0.1494,-0.7499,0.0200
73.24,0.0200,-0.0100,0.0200,0.0000,0.0200,-0.0000,0.0428,0.0318,0.0428,0.0318,-66.24,-0.1194,0.7355,36.48,-0.1104,0.7817,-29.75,0.000000,0.1532,-0.7499,0.0200
73.44,0.0200,-0.0100,0.0200,0.0000,0.0200,-0.0000,0.0467,0.0318,0.0467,0.0318,-66.24,-0.1279,0.7204,36.89,-0.1097,0.7738,-29.35,0.086584,0.1563,-0.7420,0.0200
73.64,0.0200,-0.0100,0.0200,0.0000,0.0200,-0.0000,0.0512,0.0318,0.0510,0.0318,-66.24,-0.1279,0.7204,36.89,-0.1097,0.7738,-29.35,0.000000,0.1609,-0.7420,0.0200
73.84,0.0200,-0.0100,0.0200,0.0000,0.0200,-0.0000,0.0551,0.0318,0.0549,0.0318,-66.25,-0.1279,0.7204,36.89,-0.1097,0.7738,-29.35,0.000000,0.1648,-0.7420,0.0200
74.05,0.0200,-0.0100,0.0200,0.0000,0.0200,-0.0000,0.0592,0.0318,0.0592,0.0318,-66.24,-0.1225,0.7287,36.93,-0.0961,0.7882,-29.31,0.046826,0.1553,-0.7564,0.0200
74.26,0.0200,-0.0100,0.0200,0.0000,0.0200,-0.0000,0.0634,0.0318,0.0634,0.0318,-66.25,-0.1225,0.7287,36.93,-0.0961,0.7882,-29.31,0.000000,0.1595,-0.7564,0.0200
74.46,0.0200,-0.0100,0.0200,0.0000,0.0200,-0.0000,0.0670,0.0318,0.0670,0.0318,-66.25,-0.1225,0.7287,36.93,-0.0961,0.7882,-29.31,0.000000,0.1631,-0.7564,0.0200
74.66,0.0200,-0.0100,0.0200,0.0000,0.0200,-0.0000,0.0716,0.0318,0.0714,0.0318,-66.24,-0.1075,0.7229,36.59,-0.0713,0.7893,-29.65,0.078942,0.1429,-0.7575,0.0200
74.86,0.0200,-0.0100,0.0200,0.0000,0.0200,-0.0000,0.0756,0.0318,0.0751,0.0318,-66.24,-0.1075,0.7229,36.59,-0.0713,0.7893,-29.65,0.000000,0.1469,-0.7575,0.0200
75.06,0.0200,-0.0100,0.0200,0.0000,0.0002,-0.0000,0.0783,0.0318,0.0783,0.0318,-66.24,-0.1075,0.7229,36.59,-0.0713,0.7893,-29.65,0.000000,0.1496,-0.7575,0.0002
75.27,0.0200,-0.0100,0.0200,0.0000,0.0180,-0.0000,0.0806,0.0318,0.0803,0.0318,-66.25,-0.0949,0.7184,35.71,-0.0490,0.7905,-30.54,0.066105,0.1296,-0.7587,0.0180
75.47,0.0200,-0.0100,0.0200,0.0000,0.0002,-0.0000,0.0832,0.0318,0.0832,0.0318,-66.26,-0.0949,0.7184,35.71,-0.0490,0.7905,-30.54,0.000000,0.1322,-0.7587,0.0002
75.67,0.0200,-0.0100,0.0000,0.0000,0.0002,-0.0000,0.0854,0.0318,0.0854,0.0318,-66.27,-0.0949,0.7184,35.71,-0.0490,0.7905,-30.54,0.000000,0.1344,-0.7587,0.0002
75.88,0.0200,-0.0100,0.0200,0.0000,0.0000,-0.0000,0.0872,0.0318,0.0872,0.0318,-66.28,-0.0949,0.7184,35.71,-0.0490,0.7905,-30.54,0.000000,0.1362,-0.7587,0.0000
76.08,0.0200,-0.0100,0.0200,0.0000,0.0180,-0.0000,0.0897,0.0318,0.0897,0.0318,-66.27,-0.0949,0.7184,35.71,-0.0490,0.7905,-30.54,0.000000,0.1387,-0.7587,0.0180
76.28,0.0200,-0.0100,0.0200,0.0000,0.0000,-0.0000,0.0922,0.0318,0.0922,0.0318,-66.28,-0.0747,0.7111,35.38,-0.0191,0.7895,-30.89,0.104582,0.1113,-0.7578,0.0000
76.48,0.0100,-0.0100,0.0000,0.0000,0.0000,-0.0000,0.0929,0.0318,0.0929,0.0318,-66.29,-0.0747,0.7111,35.38,-0.0191,0.7895,-30.89,0.000000,0.1121,-0.7578,0.0000
76.69,0.0100,-0.0100,0.0000,0.0000,0.0000,-0.0000,0.0929,0.0318,0.0929,0.0318,-66.29,-0.0747,0.7111,35.38,-0.0191,0.7895,-30.89,0.000000,0.1121,-0.7578,0.0000
76.90,0.0100,-0.0100,0.0000,0.0000,0.0000,0.0000,0.0929,0.0318,0.0929,0.0318,-66.29,-0.0747,0.7111,35.38,-0.0191,0.7895,-30.89,0.000000,0.1121,-0.7578,0.0000
77.10,0.0100,-0.0100,0.0000,0.0000,0.0000,0.0000,0.0929,0.0318,0.0929,0.0318,-66.29,-0.0747,0.7111,35.38,-0.0191,0.7895,-30.89,0.000000,0.1121,-0.7578,0.0000
77.30,0.0100,-0.0100,0.0000,0.0000,0.0000,0.0000,0.0929,0.0318,0.0929,0.0318,-66.29,-0.0747,0.7111,35.38,-0.0191,0.7895,-30.89,0.000000,0.1121,-0.7578,0.0000
77.50,0.0000,-0.0100,0.0000,0.0000,0.0000,0.0000,0.0929,0.0318,0.0929,0.0318,-66.29,-0.0747,0.7111,35.38,-0.0191,0.7895,-30.89,0.000000,0.1121,-0.7578,0.0000
77.70,0.0000,0.0000,0.0000,0.0000,0.0000,0.0000,0.0929,0.0318,0.0929,0.0318,-66.29,-0.0747,0.7111,35.38,-0.0191,0.7895,-30.89,0.000000,0.1121,-0.7578,0.0000
77.92,0.0000,0.0000,0.0000,0.0000,0.0000,0.0000,0.0929,0.0318,0.0929,0.0318,-66.30,-0.0747,0.7111,35.38,-0.0191,0.7895,-30.89,0.000000,0.1121,-0.7578,0.0000
78.12,0.0000,0.0000,0.0000,0.0000,0.0000,0.0000,0.0929,0.0318,0.0929,0.0318,-66.30,-0.0747,0.7111,35.38,-0.0191,0.7895,-30.89,0.000000,0.1121,-0.7578,0.0000
78.32,0.0000,0.0000,0.0000,0.0000,0.0000,0.0000,0.0929,0.0318,0.0929,0.0318,-66.31,-0.0747,0.7111,35.38,-0.0191,0.7895,-30.89,0.000000,0.1121,-0.7578,0.0000
78.52,0.0000,0.0000,0.0000,0.0000,0.0000,0.0000,0.0929,0.0318,0.0929,0.0318,-66.31,-0.0747,0.7111,35.38,-0.0191,0.7895,-30.89,0.000000,0.1121,-0.7578,0.0000
78.72,0.0000,0.0000,0.0000,0.0000,0.0000,0.0000,0.0929,0.0318,0.0929,0.0318,-66.31,-0.0747,0.7111,35.38,-0.0191,0.7895,-30.89,0.000000,0.1121,-0.7578,0.0000
78.93,0.0100,0.0000,0.0000,0.0000,0.0000,0.0000,0.0929,0.0318,0.0929,0.0318,-66.32,-0.0747,0.7111,35.38,-0.0191,0.7895,-30.89,0.000000,0.1121,-0.7578,0.0000
79.13,0.0000,-0.0100,0.0000,0.0000,0.0000,0.0000,0.0929,0.0318,0.0929,0.0318,-66.31,-0.0747,0.7111,35.38,-0.0191,0.7895,-30.89,0.000000,0.1121,-0.7578,0.0000
79.33,0.0100,-0.0100,0.0000,0.0000,0.0000,0.0000,0.0929,0.0318,0.0929,0.0318,-66.32,-0.0747,0.7111,35.38,-0.0191,0.7895,-30.89,0.000000,0.1121,-0.7578,0.0000
79.53,0.0100,-0.0100,0.0000,0.0000,0.0000,0.0000,0.0929,0.0318,0.0929,0.0318,-66.32,-0.0747,0.7111,35.38,-0.0191,0.7895,-30.89,0.000000,0.1121,-0.7578,0.0000
79.73,0.0100,-0.0100,0.0000,0.0000,0.0000,0.0000,0.0929,0.0318,0.0929,0.0318,-66.32,-0.0747,0.7111,35.38,-0.0191,0.7895,-30.89,0.000000,0.1121,-0.7578,0.0000
79.93,0.0100,-0.0100,0.0000,0.0000,0.0000,0.0000,0.0929,0.0318,0.0929,0.0318,-66.33,-0.0747,0.7111,35.38,-0.0191,0.7895,-30.89,0.000000,0.1121,-0.7578,0.0000
80.14,0.0100,-0.0100,0.0000,0.0000,0.0000,0.0000,0.0929,0.0318,0.0929,0.0318,-66.33,-0.0747,0.7111,35.38,-0.0191,0.7895,-30.89,0.000000,0.1121,-0.7578,0.0000
80.34,0.0100,-0.0100,0.0000,0.0000,0.0000,0.0000,0.0929,0.0318,0.0929,0.0318,-66.33,-0.0747,0.7111,35.38,-0.0191,0.7895,-30.89,0.000000,0.1121,-0.7578,0.0000
80.55,0.0100,-0.0100,0.0000,0.0000,0.0000,0.0000,0.0929,0.0318,0.0929,0.0318,-66.33,-0.0747,0.7111,35.38,-0.0191,0.7895,-30.89,0.000000,0.1121,-0.7578,0.0000
80.76,0.0100,-0.0100,0.0000,0.0000,0.0000,0.0000,0.0929,0.0318,0.0929,0.0318,-66.33,-0.0747,0.7111,35.38,-0.0191,0.7895,-30.89,0.000000,0.1121,-0.7578,0.0000
80.96,0.0100,-0.0100,0.0000,0.0000,0.0000,0.0000,0.0929,0.0318,0.0929,0.0318,-66.32,-0.0747,0.7111,35.38,-0.0191,0.7895,-30.89,0.000000,0.1121,-0.7578,0.0000
81.16,0.0100,-0.0100,0.0000,0.0000,0.0000,0.0000,0.0929,0.0318,0.0929,0.0318,-66.34,-0.0747,0.7111,35.38,-0.0191,0.7895,-30.89,0.000000,0.1121,-0.7578,0.0000
81.37,0.0100,-0.0100,0.0000,0.0000,0.0000,0.0000,0.0929,0.0318,0.0929,0.0318,-66.34,-0.0747,0.7111,35.38,-0.0191,0.7895,-30.89,0.000000,0.1121,-0.7578,0.0000
81.58,0.0100,-0.0100,0.0000,0.0000,0.0000,0.0000,0.0929,0.0318,0.0929,0.0318,-66.34,-0.0747,0.7111,35.38,-0.0191,0.7895,-30.89,0.000000,0.1121,-0.7578,0.0000
81.78,0.0000,-0.0100,0.0000,0.0000,0.0000,0.0000,0.0929,0.0318,0.0929,0.0318,-66.34,-0.0747,0.7111,35.38,-0.0191,0.7895,-30.89,0.000000,0.1121,-0.7578,0.0000
81.98,0.0000,-0.0100,0.0000,0.0000,0.0000,0.0000,0.0929,0.0318,0.0929,0.0318,-66.35,-0.0747,0.7111,35.38,-0.0191,0.7895,-30.89,0.000000,0.1121,-0.7578,0.0000
82.18,0.0000,-0.0100,0.0000,0.0000,0.0000,0.0000,0.0929,0.0318,0.0929,0.0318,-66.35,-0.0747,0.7111,35.38,-0.0191,0.7895,-30.89,0.000000,0.1121,-0.7578,0.0000
82.39,0.0100,-0.0100,0.0000,0.0000,0.0000,0.0000,0.0929,0.0318,0.0929,0.0318,-66.36,-0.0747,0.7111,35.38,-0.0191,0.7895,-30.89,0.000000,0.1121,-0.7578,0.0000
82.60,0.0100,-0.0100,0.0000,0.0000,0.0000,0.0000,0.0929,0.0318,0.0929,0.0318,-66.37,-0.0747,0.7111,35.38,-0.0191,0.7895,-30.89,0.000000,0.1121,-0.7578,0.0000
82.80,0.0100,-0.0100,0.0000,0.0000,0.0000,0.0000,0.0929,0.0318,0.0929,0.0318,-66.37,-0.0747,0.7111,35.38,-0.0191,0.7895,-30.89,0.000000,0.1121,-0.7578,0.0000
83.01,0.0100,0.0000,0.0000,0.0000,0.0000,0.0000,0.0929,0.0318,0.0929,0.0318,-66.39,-0.0747,0.7111,35.38,-0.0191,0.7895,-30.89,0.000000,0.1121,-0.7578,0.0000
83.22,0.0100,-0.0100,0.0000,0.0000,0.0000,0.0000,0.0929,0.0318,0.0929,0.0318,-66.39,-0.0747,0.7111,35.38,-0.0191,0.7895,-30.89,0.000000,0.1121,-0.7578,0.0000
83.42,0.0100,-0.0100,0.0000,0.0000,0.0000,0.0000,0.0929,0.0318,0.0929,0.0318,-66.39,-0.0747,0.7111,35.38,-0.0191,0.7895,-30.89,0.000000,0.1121,-0.7578,0.0000
83.62,0.0100,-0.0100,0.0000,0.0000,0.0000,0.0000,0.0929,0.0318,0.0929,0.0318,-66.40,-0.0747,0.7111,35.38,-0.0191,0.7895,-30.89,0.000000,0.1121,-0.7578,0.0000
83.82,0.0100,-0.0100,0.0000,0.0000,0.0000,0.0000,0.0929,0.0318,0.0929,0.0318,-66.40,-0.0747,0.7111,35.38,-0.0191,0.7895,-30.89,0.000000,0.1121,-0.7578,0.0000
84.03,0.0100,-0.0100,0.0000,0.0000,0.0000,0.0000,0.0929,0.0318,0.0929,0.0318,-66.41,-0.0747,0.7111,35.38,-0.0191,0.7895,-30.89,0.000000,0.1121,-0.7578,0.0000
84.23,0.0000,0.0000,0.0000,0.0000,0.0000,0.0000,0.0929,0.0318,0.0929,0.0318,-66.41,-0.0747,0.7111,35.38,-0.0191,0.7895,-30.89,0.000000,0.1121,-0.7578,0.0000
84.43,0.0000,0.0000,0.0000,0.0000,0.0000,0.0000,0.0929,0.0318,0.0929,0.0318,-66.41,-0.0747,0.7111,35.38,-0.0191,0.7895,-30.89,0.000000,0.1121,-0.7578,0.0000
84.64,0.0000,-0.0100,0.0000,0.0000,0.0000,0.0000,0.0929,0.0318,0.0929,0.0318,-66.41,-0.0747,0.7111,35.38,-0.0191,0.7895,-30.89,0.000000,0.1121,-0.7578,0.0000
84.84,0.0000,0.0000,0.0000,0.0000,0.0000,0.0000,0.0929,0.0318,0.0929,0.0318,-66.42,-0.0747,0.7111,35.38,-0.0191,0.7895,-30.89,0.000000,0.1121,-0.7578,0.0000
85.04,0.0000,-0.0100,0.0000,0.0000,0.0000,0.0000,0.0929,0.0318,0.0929,0.0318,-66.42,-0.0747,0.7111,35.38,-0.0191,0.7895,-30.89,0.000000,0.1121,-0.7578,0.0000
85.24,0.0000,-0.0100,0.0000,0.0000,0.0000,0.0000,0.0929,0.0318,0.0929,0.0318,-66.43,-0.0747,0.7111,35.38,-0.0191,0.7895,-30.89,0.000000,0.1121,-0.7578,0.0000
85.45,0.0000,-0.0100,0.0000,0.0000,0.0000,0.0000,0.0929,0.0318,0.0929,0.0318,-66.44,-0.0747,0.7111,35.38,-0.0191,0.7895,-30.89,0.000000,0.1121,-0.7578,0.0000
85.66,0.0000,-0.0100,0.0000,0.0000,0.0000,0.0000,0.0929,0.0318,0.0929,0.0318,-66.44,-0.0747,0.7111,35.38,-0.0191,0.7895,-30.89,0.000000,0.1121,-0.7578,0.0000
85.86,0.0000,-0.0100,0.0000,0.0000,0.0000,0.0000,0.0929,0.0318,0.0929,0.0318,-66.45,-0.0747,0.7111,35.38,-0.0191,0.7895,-30.89,0.000000,0.1121,-0.7578,0.0000
86.06,0.0000,-0.0100,0.0000,0.0000,0.0000,0.0000,0.0929,0.0318,0.0929,0.0318,-66.46,-0.0747,0.7111,35.38,-0.0191,0.7895,-30.89,0.000000,0.1121,-0.7578,0.0000
86.26,0.0000,-0.0100,0.0000,0.0000,0.0000,0.0000,0.0929,0.0318,0.0929,0.0318,-66.45,-0.0747,0.7111,35.38,-0.0191,0.7895,-30.89,0.000000,0.1121,-0.7578,0.0000
86.46,0.0000,-0.0100,0.0000,0.0000,0.0000,0.0000,0.0929,0.0318,0.0929,0.0318,-66.46,-0.0747,0.7111,35.38,-0.0191,0.7895,-30.89,0.000000,0.1121,-0.7578,0.0000
86.67,0.0000,-0.0100,0.0000,0.0000,0.0000,0.0000,0.0929,0.0318,0.0929,0.0318,-66.46,-0.0747,0.7111,35.38,-0.0191,0.7895,-30.89,0.000000,0.1121,-0.7578,0.0000
86.88,0.0000,-0.0100,0.0000,0.0000,0.0000,0.0000,0.0929,0.0318,0.0929,0.0318,-66.48,-0.0747,0.7111,35.38,-0.0191,0.7895,-30.89,0.000000,0.1121,-0.7578,0.0000
87.08,0.0000,-0.0100,0.0000,0.0000,0.0000,0.0000,0.0929,0.0318,0.0929,0.0318,-66.48,-0.0747,0.7111,35.38,-0.0191,0.7895,-30.89,0.000000,0.1121,-0.7578,0.0000
87.28,0.0000,0.0000,0.0000,0.0000,0.0000,0.0000,0.0929,0.0318,0.0929,0.0318,-66.48,-0.0747,0.7111,35.38,-0.0191,0.7895,-30.89,0.000000,0.1121,-0.7578,0.0000
87.48,0.0000,0.0000,0.0000,0.0000,0.0000,0.0000,0.0929,0.0318,0.0929,0.0318,-66.49,-0.0747,0.7111,35.38,-0.0191,0.7895,-30.89,0.000000,0.1121,-0.7578,0.0000
87.68,0.0000,0.0000,0.0000,0.0000,0.0000,0.0000,0.0929,0.0318,0.0929,0.0318,-66.48,-0.0747,0.7111,35.38,-0.0191,0.7895,-30.89,0.000000,0.1121,-0.7578,0.0000
87.88,0.0000,0.0000,0.0000,0.0000,0.0000,0.0000,0.0929,0.0318,0.0929,0.0318,-66.49,-0.0747,0.7111,35.38,-0.0191,0.7895,-30.89,0.000000,0.1121,-0.7578,0.0000
88.09,0.0000,0.0000,0.0000,0.0000,0.0000,0.0000,0.0929,0.0318,0.0929,0.0318,-66.49,-0.0747,0.7111,35.38,-0.0191,0.7895,-30.89,0.000000,0.1121,-0.7578,0.0000
88.30,0.0000,0.0000,0.0000,0.0000,0.0000,0.0000,0.0929,0.0318,0.0929,0.0318,-66.49,-0.0747,0.7111,35.38,-0.0191,0.7895,-30.89,0.000000,0.1121,-0.7578,0.0000
88.50,0.0000,0.0000,0.0000,0.0000,0.0000,0.0000,0.0929,0.0318,0.0929,0.0318,-66.50,-0.0747,0.7111,35.38,-0.0191,0.7895,-30.89,0.000000,0.1121,-0.7578,0.0000
88.70,0.0000,0.0000,0.0000,0.0000,0.0000,0.0000,0.0929,0.0318,0.0929,0.0318,-66.50,-0.0747,0.7111,35.38,-0.0191,0.7895,-30.89,0.000000,0.1121,-0.7578,0.0000
88.90,0.0000,0.0000,0.0000,0.0000,0.0000,0.0000,0.0929,0.0318,0.0929,0.0318,-66.50,-0.0747,0.7111,35.38,-0.0191,0.7895,-30.89,0.000000,0.1121,-0.7578,0.0000
89.10,0.0000,0.0000,0.0000,0.0000,0.0000,0.0000,0.0929,0.0318,0.0929,0.0318,-66.50,-0.0747,0.7111,35.38,-0.0191,0.7895,-30.89,0.000000,0.1121,-0.7578,0.0000
89.30,0.0000,0.0000,0.0000,0.0000,0.0000,0.0000,0.0929,0.0318,0.0929,0.0318,-66.51,-0.0747,0.7111,35.38,-0.0191,0.7895,-30.89,0.000000,0.1121,-0.7578,0.0000
89.52,0.0000,0.0000,0.0000,0.0000,0.0000,0.0000,0.0929,0.0318,0.0929,0.0318,-66.51,-0.0747,0.7111,35.38,-0.0191,0.7895,-30.89,0.000000,0.1121,-0.7578,0.0000
89.72,0.0000,0.0000,0.0000,0.0000,0.0000,0.0000,0.0929,0.0318,0.0929,0.0318,-66.51,-0.0747,0.7111,35.38,-0.0191,0.7895,-30.89,0.000000,0.1121,-0.7578,0.0000
89.92,0.0000,0.0000,0.0000,0.0000,0.0000,0.0000,0.0929,0.0318,0.0929,0.0318,-66.51,-0.0747,0.7111,35.38,-0.0191,0.7895,-30.89,0.000000,0.1121,-0.7578,0.0000
90.12,0.0000,0.0000,0.0000,0.0000,0.0000,0.0000,0.0929,0.0318,0.0929,0.0318,-66.51,-0.0747,0.7111,35.38,-0.0191,0.7895,-30.89,0.000000,0.1121,-0.7578,0.0000
90.32,0.0000,0.0000,0.0000,0.0000,0.0000,0.0000,0.0929,0.0318,0.0929,0.0318,-66.52,-0.0747,0.7111,35.38,-0.0191,0.7895,-30.89,0.000000,0.1121,-0.7578,0.0000
90.52,0.0000,0.0000,0.0000,0.0000,0.0000,0.0000,0.0929,0.0318,0.0929,0.0318,-66.52,-0.0747,0.7111,35.38,-0.0191,0.7895,-30.89,0.000000,0.1121,-0.7578,0.0000
90.72,0.0000,0.0000,0.0000,0.0000,0.0000,0.0000,0.0929,0.0318,0.0929,0.0318,-66.52,-0.0747,0.7111,35.38,-0.0191,0.7895,-30.89,0.000000,0.1121,-0.7578,0.0000
90.92,0.0000,0.0000,0.0000,0.0000,0.0000,0.0000,0.0929,0.0318,0.0929,0.0318,-66.53,-0.0747,0.7111,35.38,-0.0191,0.7895,-30.89,0.000000,0.1121,-0.7578,0.0000
91.12,0.0000,0.0000,0.0000,0.0000,0.0000,0.0000,0.0929,0.0318,0.0929,0.0318,-66.52,-0.0747,0.7111,35.38,-0.0191,0.7895,-30.89,0.000000,0.1121,-0.7578,0.0000
91.33,0.0000,0.0000,0.0000,0.0000,0.0000,0.0000,0.0929,0.0318,0.0929,0.0318,-66.52,-0.0747,0.7111,35.38,-0.0191,0.7895,-30.89,0.000000,0.1121,-0.7578,0.0000
91.53,0.0000,0.0000,0.0000,0.0000,0.0000,0.0000,0.0929,0.0318,0.0929,0.0318,-66.53,-0.0747,0.7111,35.38,-0.0191,0.7895,-30.89,0.000000,0.1121,-0.7578,0.0000
91.73,0.0000,0.0000,0.0000,0.0000,0.0000,0.0000,0.0929,0.0318,0.0929,0.0318,-66.52,-0.0747,0.7111,35.38,-0.0191,0.7895,-30.89,0.000000,0.1121,-0.7578,0.0000
91.93,0.0000,0.0000,0.0000,0.0000,0.0000,0.0000,0.0929,0.0318,0.0929,0.0318,-66.53,-0.0747,0.7111,35.38,-0.0191,0.7895,-30.89,0.000000,0.1121,-0.7578,0.0000
92.14,0.0000,0.0000,0.0000,0.0000,0.0000,0.0000,0.0929,0.0318,0.0929,0.0318,-66.54,-0.0747,0.7111,35.38,-0.0191,0.7895,-30.89,0.000000,0.1121,-0.7578,0.0000
92.34,0.0000,0.0000,0.0000,0.0000,0.0000,0.0000,0.0929,0.0318,0.0929,0.0318,-66.54,-0.0747,0.7111,35.38,-0.0191,0.7895,-30.89,0.000000,0.1121,-0.7578,0.0000
92.54,0.0000,0.0000,0.0000,0.0000,0.0000,0.0000,0.0929,0.0318,0.0929,0.0318,-66.54,-0.0747,0.7111,35.38,-0.0191,0.7895,-30.89,0.000000,0.1121,-0.7578,0.0000
92.74,0.0000,0.0000,0.0000,0.0000,0.0000,0.0000,0.0929,0.0318,0.0929,0.0318,-66.55,-0.0747,0.7111,35.38,-0.0191,0.7895,-30.89,0.000000,0.1121,-0.7578,0.0000
92.95,0.0000,0.0000,0.0000,0.0000,0.0000,0.0000,0.0929,0.0318,0.0929,0.0318,-66.55,-0.0747,0.7111,35.38,-0.0191,0.7895,-30.89,0.000000,0.1121,-0.7578,0.0000
93.16,0.0000,0.0000,0.0000,0.0000,0.0000,0.0000,0.0929,0.0318,0.0929,0.0318,-66.58,-0.0747,0.7111,35.38,-0.0191,0.7895,-30.89,0.000000,0.1121,-0.7578,0.0000
93.36,0.0000,0.0000,0.0000,0.0000,0.0000,0.0000,0.0929,0.0318,0.0929,0.0318,-66.58,-0.0747,0.7111,35.38,-0.0191,0.7895,-30.89,0.000000,0.1121,-0.7578,0.0000
93.56,0.0000,0.0000,0.0000,0.0000,0.0000,0.0000,0.0929,0.0318,0.0929,0.0318,-66.59,-0.0747,0.7111,35.38,-0.0191,0.7895,-30.89,0.000000,0.1121,-0.7578,0.0000
93.76,0.0000,0.0000,0.0000,0.0000,0.0000,0.0000,0.0929,0.0318,0.0929,0.0318,-66.59,-0.0747,0.7111,35.38,-0.0191,0.7895,-30.89,0.000000,0.1121,-0.7578,0.0000
93.96,0.0000,0.0000,0.0000,0.0000,0.0000,0.0000,0.0929,0.0318,0.0929,0.0318,-66.59,-0.0747,0.7111,35.38,-0.0191,0.7895,-30.89,0.000000,0.1121,-0.7578,0.0000
94.16,0.0000,0.0000,0.0000,0.0000,0.0000,0.0000,0.0929,0.0318,0.0929,0.0318,-66.59,-0.0747,0.7111,35.38,-0.0191,0.7895,-30.89,0.000000,0.1121,-0.7578,0.0000
94.37,0.0000,0.0000,0.0000,0.0000,0.0000,0.0000,0.0929,0.0318,0.0929,0.0318,-66.60,-0.0747,0.7111,35.38,-0.0191,0.7895,-30.89,0.000000,0.1121,-0.7578,0.0000
94.57,0.0000,0.0000,0.0000,0.0000,0.0000,0.0000,0.0929,0.0318,0.0929,0.0318,-66.60,-0.0747,0.7111,35.38,-0.0191,0.7895,-30.89,0.000000,0.1121,-0.7578,0.0000
94.77,0.0000,0.0000,0.0000,0.0000,0.0000,0.0000,0.0929,0.0318,0.0929,0.0318,-66.61,-0.0747,0.7111,35.38,-0.0191,0.7895,-30.89,0.000000,0.1121,-0.7578,0.0000
94.98,0.0000,0.0000,0.0000,0.0000,0.0000,0.0000,0.0929,0.0318,0.0929,0.0318,-66.60,-0.0747,0.7111,35.38,-0.0191,0.7895,-30.89,0.000000,0.1121,-0.7578,0.0000
95.18,0.0000,0.0000,0.0000,0.0000,0.0000,0.0000,0.0929,0.0318,0.0929,0.0318,-66.62,-0.0747,0.7111,35.38,-0.0191,0.7895,-30.89,0.000000,0.1121,-0.7578,0.0000
95.38,0.0000,0.0000,0.0000,0.0000,0.0000,0.0000,0.0929,0.0318,0.0929,0.0318,-66.63,-0.0747,0.7111,35.38,-0.0191,0.7895,-30.89,0.000000,0.1121,-0.7578,0.0000
95.58,0.0000,0.0000,0.0000,0.0000,0.0000,0.0000,0.0929,0.0318,0.0929,0.0318,-66.62,-0.0747,0.7111,35.38,-0.0191,0.7895,-30.89,0.000000,0.1121,-0.7578,0.0000
95.79,0.0000,0.0000,0.0000,0.0000,0.0000,0.0000,0.0929,0.0318,0.0929,0.0318,-66.63,-0.0747,0.7111,35.38,-0.0191,0.7895,-30.89,0.000000,0.1121,-0.7578,0.0000
95.99,0.0000,0.0000,0.0000,0.0000,0.0000,0.0000,0.0929,0.0318,0.0929,0.0318,-66.63,-0.0747,0.7111,35.38,-0.0191,0.7895,-30.89,0.000000,0.1121,-0.7578,0.0000
96.20,0.0000,0.0000,0.0000,0.0000,0.0000,0.0000,0.0929,0.0318,0.0929,0.0318,-66.63,-0.0747,0.7111,35.38,-0.0191,0.7895,-30.89,0.000000,0.1121,-0.7578,0.0000
96.40,0.0000,0.0000,0.0000,0.0000,0.0000,0.0000,0.0929,0.0318,0.0929,0.0318,-66.63,-0.0747,0.7111,35.38,-0.0191,0.7895,-30.89,0.000000,0.1121,-0.7578,0.0000
96.60,0.0000,0.0000,0.0000,0.0000,0.0000,0.0000,0.0929,0.0318,0.0929,0.0318,-66.63,-0.0747,0.7111,35.38,-0.0191,0.7895,-30.89,0.000000,0.1121,-0.7578,0.0000
96.80,0.0000,0.0000,0.0000,0.0000,0.0000,0.0000,0.0929,0.0318,0.0929,0.0318,-66.63,-0.0747,0.7111,35.38,-0.0191,0.7895,-30.89,0.000000,0.1121,-0.7578,0.0000
97.00,0.0000,0.0000,0.0000,0.0000,0.0000,0.0000,0.0929,0.0318,0.0929,0.0318,-66.64,-0.0747,0.7111,35.38,-0.0191,0.7895,-30.89,0.000000,0.1121,-0.7578,0.0000
97.20,0.0000,0.0000,0.0000,0.0000,0.0000,0.0000,0.0929,0.0318,0.0929,0.0318,-66.64,-0.0747,0.7111,35.38,-0.0191,0.7895,-30.89,0.000000,0.1121,-0.7578,0.0000
97.41,0.0000,0.0000,0.0000,0.0000,0.0000,0.0000,0.0929,0.0318,0.0929,0.0318,-66.66,-0.0747,0.7111,35.38,-0.0191,0.7895,-30.89,0.000000,0.1121,-0.7578,0.0000
97.61,0.0000,0.0000,0.0000,0.0000,0.0000,0.0000,0.0929,0.0318,0.0929,0.0318,-66.66,-0.0747,0.7111,35.38,-0.0191,0.7895,-30.89,0.000000,0.1121,-0.7578,0.0000
97.81,0.0000,0.0000,0.0000,0.0000,0.0000,0.0000,0.0929,0.0318,0.0929,0.0318,-66.67,-0.0747,0.7111,35.38,-0.0191,0.7895,-30.89,0.000000,0.1121,-0.7578,0.0000
98.02,0.0000,0.0000,0.0000,0.0000,0.0000,0.0000,0.0929,0.0318,0.0929,0.0318,-66.67,-0.0747,0.7111,35.38,-0.0191,0.7895,-30.89,0.000000,0.1121,-0.7578,0.0000
98.22,0.0000,0.0000,0.0000,0.0000,0.0000,0.0000,0.0929,0.0318,0.0929,0.0318,-66.68,-0.0747,0.7111,35.38,-0.0191,0.7895,-30.89,0.000000,0.1121,-0.7578,0.0000
98.42,0.0000,0.0000,0.0000,0.0000,0.0000,0.0000,0.0929,0.0318,0.0929,0.0318,-66.68,-0.0747,0.7111,35.38,-0.0191,0.7895,-30.89,0.000000,0.1121,-0.7578,0.0000
98.62,0.0000,0.0000,0.0000,0.0000,0.0000,0.0000,0.0929,0.0318,0.0929,0.0318,-66.68,-0.0747,0.7111,35.38,-0.0191,0.7895,-30.89,0.000000,0.1121,-0.7578,0.0000
98.82,0.0000,0.0000,0.0000,0.0000,0.0000,0.0000,0.0929,0.0318,0.0929,0.0318,-66.68,-0.0747,0.7111,35.38,-0.0191,0.7895,-30.89,0.000000,0.1121,-0.7578,0.0000
99.04,0.0000,0.0000,0.0000,0.0000,0.0000,0.0000,0.0929,0.0318,0.0929,0.0318,-66.69,-0.0747,0.7111,35.38,-0.0191,0.7895,-30.89,0.000000,0.1121,-0.7578,0.0000
99.24,0.0000,0.0000,0.0000,0.0000,0.0000,0.0000,0.0929,0.0318,0.0929,0.0318,-66.69,-0.0747,0.7111,35.38,-0.0191,0.7895,-30.89,0.000000,0.1121,-0.7578,0.0000
99.44,0.0000,0.0000,0.0000,0.0000,0.0000,0.0000,0.0929,0.0318,0.0929,0.0318,-66.70,-0.0747,0.7111,35.38,-0.0191,0.7895,-30.89,0.000000,0.1121,-0.7578,0.0000
99.64,0.0000,0.0000,0.0000,0.0000,0.0000,0.0000,0.0929,0.0318,0.0929,0.0318,-66.70,-0.0747,0.7111,35.38,-0.0191,0.7895,-30.89,0.000000,0.1121,-0.7578,0.0000
99.84,0.0000,0.0000,0.0000,0.0000,0.0000,0.0000,0.0929,0.0318,0.0929,0.0318,-66.70,-0.0747,0.7111,35.38,-0.0191,0.7895,-30.89,0.000000,0.1121,-0.7578,0.0000
