elapsed_s,fc_raw_vx,fc_raw_vy,odom_vx,odom_vy,filt_vx,filt_vy,filt_px,filt_py,tf_px,tf_py,amcl_x,amcl_y,amcl_yaw,coupling_ratio
0.51,0.0000,0.0000,0.0000,0.0000,0.0000,0.0000,0.1820,-0.2157,0.1820,-0.2157,0.0000,0.0000,0.00,0.000000
1.01,0.0000,0.0000,0.0000,0.0000,0.0000,0.0000,0.1820,-0.2157,0.1820,-0.2157,0.0000,0.0000,0.00,0.000000
1.52,0.0000,0.0000,0.0000,0.0000,0.0000,0.0000,0.1820,-0.2157,0.1820,-0.2157,0.0000,0.0000,0.00,0.000000
2.02,0.0000,0.0000,0.0000,0.0000,0.0000,0.0000,0.1820,-0.2157,0.1820,-0.2157,0.0000,0.0000,0.00,0.000000
2.52,0.0000,0.0000,0.0000,0.0000,0.0000,0.0000,0.1820,-0.2157,0.1820,-0.2157,0.0000,0.0000,0.00,0.000000
3.02,0.0000,0.0000,0.0000,0.0000,0.0000,0.0000,0.1820,-0.2157,0.1820,-0.2157,0.0000,0.0000,0.00,0.000000
3.52,0.0000,0.0000,0.0000,0.0000,0.0000,0.0000,0.1820,-0.2157,0.1820,-0.2157,0.0000,0.0000,0.00,0.000000
4.03,0.0000,0.0000,0.0000,0.0000,0.0000,0.0000,0.1820,-0.2157,0.1820,-0.2157,0.0000,0.0000,0.00,0.000000
4.53,0.0000,0.0000,0.0000,0.0000,0.0000,0.0000,0.1820,-0.2157,0.1820,-0.2157,0.0000,0.0000,0.00,0.000000
5.04,0.0000,0.0000,0.0000,0.0000,0.0000,0.0000,0.1820,-0.2157,0.1820,-0.2157,0.0000,0.0000,0.00,0.000000
5.54,0.0000,0.0000,0.0000,0.0000,0.0000,0.0000,0.1820,-0.2157,0.1820,-0.2157,0.0000,0.0000,0.00,0.000000
6.04,0.0000,0.0000,0.0000,0.0000,0.0000,0.0000,0.1820,-0.2157,0.1820,-0.2157,0.0000,0.0000,0.00,0.000000
6.54,0.0000,0.0000,0.0000,0.0000,0.0000,0.0000,0.1820,-0.2157,0.1820,-0.2157,0.0000,0.0000,0.00,0.000000
7.05,0.0000,0.0000,0.0000,0.0000,0.0000,0.0000,0.1820,-0.2157,0.1820,-0.2157,0.0000,0.0000,0.00,0.000000
7.56,0.0000,0.0000,0.0000,0.0000,0.0000,0.0000,0.1820,-0.2157,0.1820,-0.2157,0.0000,0.0000,0.00,0.000000
8.06,0.0000,0.0000,0.0000,0.0000,0.0000,0.0000,0.1820,-0.2157,0.1820,-0.2157,0.0000,0.0000,0.00,0.000000
8.56,0.0000,0.0000,0.0000,0.0000,0.0000,0.0000,0.1820,-0.2157,0.1820,-0.2157,0.0000,0.0000,0.00,0.000000
9.06,0.0000,0.0000,0.0000,0.0000,0.0000,0.0000,0.1820,-0.2157,0.1820,-0.2157,0.0000,0.0000,0.00,0.000000
9.56,0.0000,0.0000,0.0000,0.0000,0.0000,0.0000,0.1820,-0.2157,0.1820,-0.2157,0.0000,0.0000,0.00,0.000000
10.06,0.0000,0.0000,0.0000,0.0000,0.0000,0.0000,0.1820,-0.2157,0.1820,-0.2157,0.0000,0.0000,0.00,0.000000
10.56,0.0000,0.0000,0.0000,0.0000,0.0000,0.0000,0.1820,-0.2157,0.1820,-0.2157,0.0000,0.0000,0.00,0.000000
11.07,0.0000,0.0000,0.0000,0.0000,0.0000,0.0000,0.1820,-0.2157,0.1820,-0.2157,0.0000,0.0000,0.00,0.000000
11.57,0.0000,0.0000,0.0000,0.0000,0.0000,0.0000,0.1820,-0.2157,0.1820,-0.2157,0.0000,0.0000,0.00,0.000000
12.08,0.0000,0.0000,0.0000,0.0000,0.0000,0.0000,0.1820,-0.2157,0.1820,-0.2157,0.0000,0.0000,0.00,0.000000
12.58,0.0000,0.0000,0.0000,0.0000,0.0000,0.0000,0.1820,-0.2157,0.1820,-0.2157,0.0000,0.0000,0.00,0.000000
13.08,0.0000,0.0000,0.0000,0.0000,0.0000,0.0000,0.1820,-0.2157,0.1820,-0.2157,0.0000,0.0000,0.00,0.000000
13.58,0.0000,0.0000,0.0000,0.0000,0.0000,0.0000,0.1820,-0.2157,0.1820,-0.2157,0.0000,0.0000,0.00,0.000000
14.08,0.0000,0.0000,0.0000,0.0000,0.0000,0.0000,0.1820,-0.2157,0.1820,-0.2157,0.0000,0.0000,0.00,0.000000
14.59,0.0000,0.0000,0.0000,0.0000,0.0000,0.0000,0.1820,-0.2157,0.1820,-0.2157,-0.0251,-0.0192,-31.49,0.000000
15.09,0.0000,0.0000,0.0000,0.0000,0.0000,0.0000,0.1820,-0.2157,0.1820,-0.2157,-0.0251,-0.0192,-31.49,0.000000
15.60,0.0000,0.0000,0.0000,0.0000,0.0000,0.0000,0.1820,-0.2157,0.1820,-0.2157,-0.0251,-0.0192,-31.49,0.000000
16.10,0.0000,0.0000,0.0000,0.0000,0.0000,0.0000,0.1820,-0.2157,0.1820,-0.2157,-0.0251,-0.0192,-31.49,0.000000
16.60,0.0000,0.0000,0.0000,0.0000,0.0000,0.0000,0.1820,-0.2157,0.1820,-0.2157,-0.0251,-0.0192,-31.49,0.000000
17.11,0.0000,0.0000,0.0000,0.0000,0.0000,0.0000,0.1820,-0.2157,0.1820,-0.2157,-0.0251,-0.0192,-31.49,0.000000
17.61,0.0000,0.0000,0.0000,0.0000,0.0000,0.0000,0.1820,-0.2157,0.1820,-0.2157,-0.0251,-0.0192,-31.49,0.000000
18.12,0.0000,0.0000,0.0000,0.0000,0.0000,0.0000,0.1820,-0.2157,0.1820,-0.2157,-0.0251,-0.0192,-31.49,0.000000
18.62,0.0000,0.0000,0.0000,0.0000,0.0000,-0.0004,0.1820,-0.2157,0.1820,-0.2157,-0.0251,-0.0192,-31.49,0.000000
19.12,0.0000,0.0000,0.0000,0.0000,0.0001,0.0001,0.1820,-0.2157,0.1820,-0.2157,-0.0251,-0.0192,-31.49,0.000000
19.62,0.0000,0.0000,0.0000,0.0000,0.0002,0.0000,0.1820,-0.2157,0.1820,-0.2157,-0.0251,-0.0192,-31.49,0.000000
20.12,0.0000,0.0000,0.0000,0.0000,-0.0000,0.0000,0.1820,-0.2157,0.1820,-0.2157,-0.0251,-0.0192,-31.49,0.000000
20.63,0.0000,0.0000,0.0000,0.0000,0.0003,0.0000,0.1820,-0.2157,0.1820,-0.2157,-0.0251,-0.0192,-31.49,0.000000
21.13,0.0200,-0.0100,0.0200,0.0000,0.0182,0.0006,0.1823,-0.2157,0.1823,-0.2157,-0.0118,0.0109,-33.27,0.000000
21.64,0.0400,-0.0300,0.0400,-0.0300,0.0314,-0.0136,0.1970,-0.2184,0.1970,-0.2184,0.0049,-0.0086,-31.58,0.000000
22.14,0.0000,-0.0100,0.0000,0.0000,-0.0000,0.0000,0.2030,-0.2245,0.2030,-0.2245,0.0048,0.0007,-30.99,0.000000
22.64,0.0200,0.0000,0.0200,0.0000,0.0180,-0.0001,0.2032,-0.2246,0.2032,-0.2246,0.0048,0.0007,-30.99,0.000000
23.14,-0.0300,0.0000,-0.0300,0.0000,-0.0244,0.0040,0.1999,-0.2242,0.2004,-0.2243,0.0048,0.0007,-30.99,0.000000
23.64,-0.0300,-0.0100,-0.0300,0.0000,-0.0220,0.0002,0.1935,-0.2240,0.1935,-0.2240,0.0048,0.0007,-30.99,0.000000
24.14,-0.0200,0.0000,-0.0200,0.0000,-0.0200,0.0000,0.1818,-0.2240,0.1818,-0.2240,0.0048,0.0007,-30.99,0.000000
24.64,-0.0100,0.0000,0.0000,0.0000,-0.0000,0.0000,0.1798,-0.2240,0.1798,-0.2240,0.0048,0.0007,-30.99,0.000000
25.15,-0.0100,0.0000,0.0000,0.0000,-0.0000,0.0000,0.1798,-0.2240,0.1798,-0.2240,0.0048,0.0007,-30.99,0.000000
25.65,0.0000,0.0000,0.0000,0.0000,-0.0000,0.0000,0.1797,-0.2240,0.1797,-0.2240,0.0048,0.0007,-30.99,0.000000
26.16,0.0000,0.0000,0.0000,0.0000,-0.0000,0.0000,0.1797,-0.2240,0.1797,-0.2240,0.0048,0.0007,-30.99,0.000000
26.66,0.0000,0.0000,0.0000,0.0000,-0.0000,0.0000,0.1797,-0.2240,0.1797,-0.2240,0.0048,0.0007,-30.99,0.000000
27.16,0.0000,0.0000,0.0000,0.0000,-0.0000,0.0000,0.1797,-0.2240,0.1797,-0.2240,0.0048,0.0007,-30.99,0.000000
27.66,0.0000,0.0000,0.0000,0.0000,-0.0000,0.0000,0.1797,-0.2240,0.1797,-0.2240,0.0048,0.0007,-30.99,0.000000
28.16,-0.0700,0.0000,-0.0700,0.0000,-0.0682,-0.0086,0.1706,-0.2245,0.1706,-0.2245,-0.0311,0.0683,-32.70,0.000000
28.67,-0.2200,0.0000,-0.2000,0.0000,-0.2033,0.0325,0.1049,-0.2236,0.1049,-0.2236,-0.1197,0.0960,-31.57,0.000000
29.17,-0.1800,0.0400,-0.1700,0.0400,-0.1755,0.0025,0.0099,-0.2227,0.0099,-0.2227,-0.1731,0.2823,-37.82,0.222222
29.68,-0.2000,0.0700,-0.2000,0.0700,-0.1890,0.0215,-0.0839,-0.2158,-0.0839,-0.2158,-0.2400,0.3009,-36.47,0.350000
30.18,-0.1500,0.0100,-0.1500,0.0000,-0.1498,0.0424,-0.1720,-0.1908,-0.1702,-0.1913,-0.2965,0.3420,-31.81,0.066667
30.68,-0.0200,0.0200,-0.0200,0.0200,-0.0247,-0.0113,-0.2185,-0.1838,-0.2185,-0.1838,-0.2969,0.3532,-31.28,0.000000
31.18,-0.0300,0.0000,-0.0300,0.0000,-0.0259,0.0032,-0.2271,-0.1795,-0.2263,-0.1796,-0.3246,0.3747,-31.63,0.000000
31.68,0.0000,-0.0100,0.0000,0.0000,-0.0000,-0.0000,-0.2367,-0.1793,-0.2367,-0.1793,-0.3246,0.3747,-31.63,0.000000
32.18,0.0000,0.0000,0.0000,0.0000,0.0000,-0.0000,-0.2367,-0.1793,-0.2367,-0.1793,-0.3374,0.3929,-30.03,0.000000
32.68,0.0200,0.0000,0.0200,0.0000,0.0180,-0.0000,-0.2363,-0.1793,-0.2363,-0.1793,-0.3374,0.3929,-30.03,0.000000
33.18,0.0000,0.0000,0.0000,0.0000,0.0000,-0.0000,-0.2339,-0.1793,-0.2339,-0.1793,-0.3374,0.3929,-30.03,0.000000
33.69,0.0100,0.0000,0.0000,0.0000,0.0000,-0.0000,-0.2339,-0.1793,-0.2339,-0.1793,-0.3374,0.3929,-30.03,0.000000
34.19,0.0100,0.0000,0.0000,0.0000,0.0000,-0.0000,-0.2287,-0.1793,-0.2287,-0.1793,-0.3374,0.3929,-30.03,0.000000
34.70,0.0000,0.0000,0.0000,0.0000,0.0000,-0.0000,-0.2287,-0.1793,-0.2287,-0.1793,-0.3374,0.3929,-30.03,0.000000
35.20,0.0000,0.0000,0.0000,0.0000,0.0000,-0.0000,-0.2287,-0.1793,-0.2287,-0.1793,-0.3374,0.3929,-30.03,0.000000
35.70,0.0000,0.0000,0.0000,0.0000,0.0000,-0.0000,-0.2287,-0.1793,-0.2287,-0.1793,-0.3374,0.3929,-30.03,0.000000
36.20,0.0000,0.0000,0.0000,0.0000,0.0000,-0.0000,-0.2287,-0.1793,-0.2287,-0.1793,-0.3374,0.3929,-30.03,0.000000
36.70,0.0000,0.0000,0.0000,0.0000,0.0001,-0.0000,-0.2287,-0.1793,-0.2287,-0.1793,-0.3374,0.3929,-30.03,0.000000
37.20,0.0000,0.0000,0.0000,0.0000,0.0000,0.0000,-0.2287,-0.1793,-0.2287,-0.1793,-0.3374,0.3929,-30.03,0.000000
37.70,0.0000,0.0000,0.0000,0.0000,0.0001,0.0000,-0.2287,-0.1793,-0.2287,-0.1793,-0.3374,0.3929,-30.03,0.000000
38.20,0.0000,0.0000,0.0000,0.0000,0.0000,0.0000,-0.2287,-0.1793,-0.2287,-0.1793,-0.3374,0.3929,-30.03,0.000000
38.72,0.0000,0.0000,0.0000,0.0000,0.0000,-0.0000,-0.2287,-0.1793,-0.2287,-0.1793,-0.3374,0.3929,-30.03,0.000000
39.22,0.0000,0.0000,0.0000,0.0000,0.0000,-0.0000,-0.2287,-0.1793,-0.2287,-0.1793,-0.3374,0.3929,-30.03,0.000000
39.72,0.0000,0.0000,0.0000,0.0000,0.0000,-0.0000,-0.2287,-0.1793,-0.2287,-0.1793,-0.3374,0.3929,-30.03,0.000000
40.22,0.0000,0.0000,0.0000,0.0000,0.0000,-0.0000,-0.2287,-0.1793,-0.2287,-0.1793,-0.3374,0.3929,-30.03,0.000000
40.72,0.0000,-0.0100,0.0000,0.0000,0.0004,-0.0000,-0.2286,-0.1793,-0.2286,-0.1793,-0.3374,0.3929,-30.03,0.000000
41.23,0.0100,-0.0100,0.0000,0.0000,0.0002,0.0000,-0.2286,-0.1793,-0.2286,-0.1793,-0.3374,0.3929,-30.03,0.000000
41.74,0.1300,-0.0300,0.1300,-0.0300,0.1246,-0.0075,-0.2043,-0.1795,-0.2043,-0.1795,-0.3420,0.3852,-30.26,0.230769
42.24,0.3000,0.0100,0.3000,0.0000,0.2956,-0.0531,-0.0759,-0.1917,-0.0828,-0.1904,-0.2945,0.3068,-29.18,0.033333
42.74,0.2500,0.0500,0.2500,0.0500,0.2553,0.0005,0.0626,-0.2070,0.0626,-0.2070,-0.2226,0.1235,-27.09,0.200000
43.24,0.0600,0.0400,0.0600,0.0400,0.0592,0.0060,0.1481,-0.1955,0.1481,-0.1955,-0.1874,0.0965,-26.65,0.666667
43.74,0.0100,0.0000,0.0000,0.0000,0.0000,-0.0002,0.1523,-0.1883,0.1523,-0.1883,-0.1635,0.0890,-25.01,0.000000
44.25,0.0000,0.0000,0.0000,0.0000,-0.0003,0.0000,0.1561,-0.1882,0.1561,-0.1882,-0.1635,0.0890,-25.01,0.000000
44.76,-0.0100,0.0100,0.0000,0.0000,-0.0200,0.0200,0.1494,-0.1857,0.1494,-0.1857,-0.1635,0.0890,-25.01,0.000000
45.26,-0.0200,0.0100,-0.0200,0.0000,-0.0201,0.0000,0.1398,-0.1855,0.1398,-0.1855,-0.1635,0.0890,-25.01,0.000000
45.76,-0.0100,-0.0100,0.0000,0.0000,-0.0020,0.0000,0.1302,-0.1854,0.1302,-0.1854,-0.1535,0.0949,-23.89,0.000000
46.26,0.0000,-0.0100,0.0000,0.0000,-0.0000,-0.0000,0.1302,-0.1865,0.1302,-0.1865,-0.1535,0.0949,-23.89,0.000000
46.76,0.0000,0.0000,0.0000,0.0000,-0.0000,-0.0000,0.1302,-0.1865,0.1302,-0.1865,-0.1535,0.0949,-23.89,0.000000
47.26,-0.0100,0.0000,0.0000,0.0000,-0.0000,-0.0000,0.1301,-0.1865,0.1301,-0.1865,-0.1535,0.0949,-23.89,0.000000
47.76,0.0000,0.0000,0.0000,0.0000,-0.0000,-0.0000,0.1301,-0.1866,0.1301,-0.1866,-0.1535,0.0949,-23.89,0.000000
48.26,0.0000,0.0000,0.0000,0.0000,-0.0000,-0.0000,0.1301,-0.1866,0.1301,-0.1866,-0.1535,0.0949,-23.89,0.000000
48.77,0.0000,0.0000,0.0000,0.0000,-0.0000,-0.0000,0.1301,-0.1866,0.1301,-0.1866,-0.1535,0.0949,-23.89,0.000000
49.28,0.0000,-0.0100,0.0000,0.0000,-0.0002,-0.0000,0.1301,-0.1866,0.1301,-0.1866,-0.1535,0.0949,-23.89,0.000000
49.78,0.0000,0.0000,0.0000,0.0000,-0.0000,0.0000,0.1301,-0.1866,0.1301,-0.1866,-0.1535,0.0949,-23.89,0.000000
50.28,0.0100,0.0000,0.0000,0.0000,-0.0000,0.0000,0.1301,-0.1866,0.1301,-0.1866,-0.1535,0.0949,-23.89,0.000000
50.78,0.0000,-0.0100,0.0000,0.0000,-0.0000,0.0000,0.1301,-0.1866,0.1301,-0.1866,-0.1535,0.0949,-23.89,0.000000
51.28,0.0000,-0.0100,0.0000,0.0000,-0.0000,0.0000,0.1301,-0.1866,0.1301,-0.1866,-0.1535,0.0949,-23.89,0.000000
51.78,0.0100,-0.0200,0.0000,-0.0200,0.0000,0.0000,0.1301,-0.1865,0.1301,-0.1865,-0.1535,0.0949,-23.89,0.000000
52.28,0.0100,0.0000,0.0000,0.0000,-0.0000,-0.0000,0.1301,-0.1891,0.1301,-0.1891,-0.1535,0.0949,-23.89,0.000000
52.78,0.0000,-0.0300,0.0000,-0.0300,0.0031,-0.0162,0.1301,-0.1907,0.1301,-0.1905,-0.1535,0.0949,-23.89,0.000000
53.29,0.0000,-0.2600,0.0000,-0.2500,0.0013,0.0346,0.1297,-0.1812,0.1297,-0.1812,-0.1535,0.0949,-23.89,0.000000
53.79,0.0300,-0.4100,0.0300,-0.4100,0.0261,-0.2084,0.1313,-0.2143,0.1313,-0.2143,-0.1513,0.0943,-26.19,0.073171
54.30,0.0100,-0.1300,0.0000,-0.1300,-0.0091,-0.3326,0.1484,-0.3894,0.1484,-0.3894,-0.2578,-0.0613,-25.32,0.076923
54.80,0.0500,0.0000,0.0500,0.0000,0.0356,-0.2085,0.1564,-0.5150,0.1556,-0.5100,-0.2941,-0.1424,-29.04,0.000000
55.30,0.0400,0.0800,0.0400,0.0800,0.0449,-0.0327,0.1734,-0.5783,0.1734,-0.5783,-0.3056,-0.2034,-28.71,0.500000
55.80,0.0200,0.0100,0.0200,0.0000,0.0201,0.0002,0.1958,-0.5718,0.1958,-0.5718,-0.3259,-0.2055,-27.61,0.000000
56.30,0.0300,0.0100,0.0300,0.0000,0.0253,-0.0001,0.2038,-0.5718,0.2030,-0.5718,-0.2763,-0.2318,-27.48,0.000000
56.80,0.0000,0.0000,0.0000,0.0000,-0.0000,-0.0002,0.2055,-0.5718,0.2055,-0.5718,-0.2763,-0.2318,-27.48,0.000000
57.30,0.0000,-0.0100,0.0000,0.0000,-0.0000,-0.0000,0.2055,-0.5718,0.2055,-0.5718,-0.2763,-0.2318,-27.48,0.000000
57.81,0.0000,0.0000,0.0000,0.0000,0.0000,0.0002,0.2055,-0.5719,0.2055,-0.5719,-0.2763,-0.2318,-27.48,0.000000
58.31,0.0000,0.0000,0.0000,0.0000,0.0000,-0.0000,0.2055,-0.5719,0.2055,-0.5719,-0.2577,-0.2435,-26.49,0.000000
58.81,0.0000,0.0000,0.0000,0.0000,-0.0000,-0.0000,0.2055,-0.5719,0.2055,-0.5719,-0.2577,-0.2435,-26.49,0.000000
59.31,0.0100,-0.0100,0.0000,0.0000,0.0000,-0.0000,0.2055,-0.5718,0.2055,-0.5718,-0.2577,-0.2435,-26.49,0.000000
59.82,0.0000,-0.0100,0.0000,0.0000,0.0000,0.0000,0.2055,-0.5718,0.2055,-0.5718,-0.2577,-0.2435,-26.49,0.000000
60.32,0.0000,-0.0100,0.0000,0.0000,0.0000,-0.0000,0.2055,-0.5758,0.2055,-0.5758,-0.2577,-0.2435,-26.49,0.000000
60.82,0.0000,0.0000,0.0000,0.0000,-0.0000,-0.0000,0.2055,-0.5758,0.2055,-0.5758,-0.2577,-0.2435,-26.49,0.000000
61.32,0.0000,0.0000,0.0000,0.0000,-0.0000,-0.0000,0.2055,-0.5758,0.2055,-0.5758,-0.2577,-0.2435,-26.49,0.000000
61.82,0.0000,0.0100,0.0000,0.0000,0.0000,-0.0000,0.2055,-0.5759,0.2055,-0.5759,-0.2577,-0.2435,-26.49,0.000000
62.33,0.0000,0.1000,0.0000,0.0900,-0.0029,-0.0218,0.2054,-0.5763,0.2054,-0.5763,-0.2577,-0.2435,-26.49,0.000000
62.83,-0.0600,0.3900,-0.0500,0.3800,-0.0511,0.0314,0.1975,-0.5877,0.1975,-0.5877,-0.2577,-0.2435,-26.49,6.500000
63.33,0.0000,0.3100,0.0000,0.3100,-0.0258,0.3487,0.1768,-0.4860,0.1768,-0.4860,-0.1835,-0.1883,-25.72,0.000000
63.84,0.0900,-0.0900,0.0900,-0.0900,0.0625,0.3162,0.1873,-0.3042,0.1873,-0.3042,-0.0085,-0.0792,-28.79,1.000000
64.34,0.1000,-0.1200,0.1000,-0.1200,0.1080,-0.0332,0.2433,-0.2419,0.2433,-0.2419,0.0873,-0.0522,-25.76,1.200000
64.84,0.0500,-0.0700,0.0500,-0.0700,0.0664,-0.0840,0.2839,-0.2789,0.2828,-0.2776,0.0898,-0.0839,-25.62,0.714286
65.34,0.0100,-0.0400,0.0000,-0.0400,0.0290,-0.0597,0.3035,-0.3152,0.3031,-0.3144,0.0639,-0.1001,-25.68,0.000000
65.84,0.0100,-0.0100,0.0000,0.0000,0.0000,-0.0002,0.3095,-0.3330,0.3095,-0.3330,0.0500,-0.1208,-25.18,0.000000
66.35,0.0000,0.0000,0.0000,0.0000,0.0000,0.0002,0.3095,-0.3330,0.3095,-0.3330,0.0500,-0.1208,-25.18,0.000000
66.85,0.0000,0.0100,0.0000,0.0200,0.0000,-0.0000,0.3095,-0.3330,0.3095,-0.3330,0.0500,-0.1208,-25.18,0.000000
67.35,0.0000,0.0200,0.0000,0.0200,0.0000,0.0200,0.3095,-0.3247,0.3095,-0.3247,0.0500,-0.1208,-25.18,0.000000
67.86,0.0000,0.0200,0.0000,0.0200,0.0000,0.0200,0.3088,-0.3139,0.3088,-0.3144,0.0500,-0.1208,-25.18,0.000000
68.36,-0.0200,0.0200,-0.0200,0.0200,-0.0042,0.0263,0.3084,-0.3025,0.3084,-0.3025,0.0786,-0.1123,-25.40,0.000000
68.86,0.0000,0.0200,0.0000,0.0200,0.0002,0.0200,0.3072,-0.2925,0.3072,-0.2925,0.0786,-0.1123,-25.40,0.000000
69.36,0.0000,0.0200,0.0000,0.0200,0.0000,0.0200,0.3072,-0.2825,0.3072,-0.2825,0.0913,-0.1054,-26.11,0.000000
69.87,0.0000,0.0000,0.0000,0.0000,0.0000,0.0000,0.3072,-0.2821,0.3072,-0.2821,0.0913,-0.1054,-26.11,0.000000
70.37,0.0000,0.0000,0.0000,0.0000,0.0000,-0.0000,0.3072,-0.2821,0.3072,-0.2821,0.0913,-0.1054,-26.11,0.000000
70.87,0.0000,0.0000,0.0000,0.0000,-0.0000,-0.0000,0.3072,-0.2821,0.3072,-0.2821,0.0978,-0.0992,-26.89,0.000000
71.38,0.0200,0.0300,0.0000,0.0300,0.0047,0.0150,0.3073,-0.2797,0.3072,-0.2800,0.0978,-0.0992,-26.89,0.000000
71.88,-0.0200,0.0300,0.0000,0.0300,-0.0143,0.0358,0.3114,-0.2668,0.3117,-0.2675,0.0810,-0.0632,-28.46,0.000000
72.38,0.0000,0.0100,0.0000,0.0000,0.0000,0.0000,0.3085,-0.2613,0.3085,-0.2613,0.0835,-0.0480,-26.34,0.000000
72.88,-0.0100,0.0300,0.0000,0.0300,-0.0058,0.0302,0.3079,-0.2533,0.3080,-0.2537,0.0835,-0.0480,-26.34,0.000000
73.38,0.0000,0.0000,0.0000,0.0000,0.0002,0.0003,0.3059,-0.2504,0.3059,-0.2504,0.0928,-0.0374,-27.74,0.000000
73.88,0.0000,0.0000,0.0000,0.0000,-0.0005,-0.0000,0.3059,-0.2504,0.3059,-0.2504,0.0906,-0.0351,-27.02,0.000000
74.38,-0.0100,-0.0300,0.0000,-0.0300,0.0102,0.0017,0.3022,-0.2495,0.3022,-0.2495,0.0906,-0.0351,-27.02,0.000000
74.88,0.0300,-0.0300,0.0300,-0.0300,0.0399,-0.0230,0.3197,-0.2616,0.3191,-0.2612,0.0863,-0.0324,-25.73,0.000000
75.39,0.0400,-0.0400,0.0300,-0.0600,0.0228,0.0084,0.3340,-0.2669,0.3340,-0.2669,0.0703,-0.0494,-25.86,0.000000
75.89,0.0600,-0.0300,0.0600,-0.0200,0.0581,-0.0243,0.3555,-0.2739,0.3555,-0.2739,0.0771,-0.0601,-25.35,0.500000
76.39,0.0600,-0.0300,0.0600,-0.0300,0.0670,-0.0152,0.3867,-0.2835,0.3867,-0.2835,0.0738,-0.0737,-25.13,0.500000
76.90,0.0500,-0.0300,0.0500,-0.0300,0.0653,-0.0182,0.4211,-0.2917,0.4211,-0.2917,0.0983,-0.1066,-25.48,0.000000
77.40,0.0400,-0.0200,0.0400,-0.0200,0.0607,-0.0256,0.4507,-0.3027,0.4507,-0.3027,0.1115,-0.1298,-25.37,0.000000
77.90,0.0400,-0.0200,0.0400,-0.0200,0.0473,-0.0231,0.4774,-0.3151,0.4774,-0.3151,0.1288,-0.1467,-25.31,0.000000
78.40,0.0300,-0.0200,0.0300,-0.0200,0.0428,-0.0206,0.5005,-0.3263,0.5005,-0.3263,0.1399,-0.1677,-25.13,0.000000
78.91,0.0200,-0.0200,0.0200,-0.0200,0.0200,-0.0200,0.5171,-0.3365,0.5171,-0.3365,0.1458,-0.1841,-24.85,0.000000
79.41,0.0200,-0.0200,0.0200,-0.0200,0.0200,-0.0200,0.5272,-0.3465,0.5272,-0.3465,0.1458,-0.1841,-24.85,0.000000
79.91,0.0100,-0.0200,0.0000,-0.0200,0.0000,-0.0200,0.5313,-0.3567,0.5313,-0.3567,0.1350,-0.2029,-25.03,0.000000
80.42,0.0100,-0.0100,0.0000,0.0000,0.0000,-0.0200,0.5313,-0.3665,0.5313,-0.3665,0.1350,-0.2029,-25.03,0.000000
80.92,0.0100,-0.0100,0.0000,0.0000,0.0000,-0.0000,0.5313,-0.3679,0.5313,-0.3679,0.1350,-0.2029,-25.03,0.000000
81.42,0.0100,-0.0100,0.0000,0.0000,0.0000,-0.0000,0.5313,-0.3679,0.5313,-0.3679,0.1350,-0.2029,-25.03,0.000000
81.92,0.0000,-0.0100,0.0000,0.0000,0.0000,-0.0000,0.5313,-0.3679,0.5313,-0.3679,0.1350,-0.2029,-25.03,0.000000
82.42,0.0000,-0.0100,0.0000,0.0000,0.0000,-0.0000,0.5314,-0.3679,0.5314,-0.3679,0.1350,-0.2029,-25.03,0.000000
82.92,0.0000,-0.0100,0.0000,0.0000,0.0000,-0.0000,0.5314,-0.3679,0.5314,-0.3679,0.1350,-0.2029,-25.03,0.000000
83.42,0.0100,-0.0100,0.0000,0.0000,0.0000,-0.0000,0.5314,-0.3679,0.5314,-0.3679,0.1350,-0.2029,-25.03,0.000000
83.92,0.0000,-0.0100,0.0000,0.0000,0.0000,-0.0000,0.5314,-0.3679,0.5314,-0.3679,0.1350,-0.2029,-25.03,0.000000
84.43,0.0000,-0.0100,0.0000,0.0000,0.0000,-0.0000,0.5314,-0.3679,0.5314,-0.3679,0.1350,-0.2029,-25.03,0.000000
84.93,0.0000,-0.0100,0.0000,0.0000,0.0000,-0.0000,0.5314,-0.3679,0.5314,-0.3679,0.1350,-0.2029,-25.03,0.000000
85.44,0.0000,-0.0100,0.0000,0.0000,0.0000,-0.0000,0.5314,-0.3679,0.5314,-0.3679,0.1350,-0.2029,-25.03,0.000000
85.94,0.0000,-0.0100,0.0000,0.0000,0.0000,-0.0000,0.5314,-0.3679,0.5314,-0.3679,0.1350,-0.2029,-25.03,0.000000
86.44,0.0000,0.0000,0.0000,0.0000,0.0000,0.0000,0.5314,-0.3679,0.5314,-0.3679,0.1350,-0.2029,-25.03,0.000000
86.94,0.0000,0.0000,0.0000,0.0000,0.0000,0.0000,0.5314,-0.3679,0.5314,-0.3679,0.1350,-0.2029,-25.03,0.000000
87.45,0.0000,0.0000,0.0000,0.0000,0.0000,0.0000,0.5314,-0.3679,0.5314,-0.3679,0.1350,-0.2029,-25.03,0.000000
87.95,0.0000,0.0000,0.0000,0.0000,0.0000,0.0000,0.5314,-0.3679,0.5314,-0.3679,0.1350,-0.2029,-25.03,0.000000
88.46,0.0000,0.0000,0.0000,0.0000,0.0000,0.0000,0.5314,-0.3679,0.5314,-0.3679,0.1350,-0.2029,-25.03,0.000000
88.96,0.0000,0.0000,0.0000,0.0000,0.0000,0.0000,0.5314,-0.3679,0.5314,-0.3679,0.1350,-0.2029,-25.03,0.000000
89.46,0.0000,-0.0100,0.0000,0.0000,0.0000,0.0000,0.5314,-0.3679,0.5314,-0.3679,0.1350,-0.2029,-25.03,0.000000
89.97,0.0000,0.0000,0.0000,0.0000,0.0000,0.0000,0.5314,-0.3679,0.5314,-0.3679,0.1350,-0.2029,-25.03,0.000000
90.48,0.0000,0.0000,0.0000,0.0000,0.0000,0.0000,0.5314,-0.3679,0.5314,-0.3679,0.1350,-0.2029,-25.03,0.000000
90.98,0.0000,0.0000,0.0000,0.0000,0.0000,0.0000,0.5314,-0.3679,0.5314,-0.3679,0.1350,-0.2029,-25.03,0.000000
91.48,0.0000,0.0000,0.0000,0.0000,0.0000,0.0000,0.5314,-0.3679,0.5314,-0.3679,0.1350,-0.2029,-25.03,0.000000
91.99,0.0000,0.0000,0.0000,0.0000,0.0000,0.0000,0.5314,-0.3679,0.5314,-0.3679,0.1350,-0.2029,-25.03,0.000000
92.49,0.0000,0.0000,0.0000,0.0000,0.0000,0.0000,0.5314,-0.3679,0.5314,-0.3679,0.1350,-0.2029,-25.03,0.000000
93.00,0.0000,-0.0100,0.0000,0.0000,0.0000,0.0000,0.5314,-0.3679,0.5314,-0.3679,0.1350,-0.2029,-25.03,0.000000
93.50,0.0000,-0.0100,0.0000,0.0000,0.0000,0.0000,0.5314,-0.3679,0.5314,-0.3679,0.1350,-0.2029,-25.03,0.000000
94.00,0.0000,0.0000,0.0000,0.0000,0.0000,0.0000,0.5314,-0.3679,0.5314,-0.3679,0.1350,-0.2029,-25.03,0.000000
94.50,0.0000,0.0000,0.0000,0.0000,0.0000,0.0000,0.5314,-0.3679,0.5314,-0.3679,0.1350,-0.2029,-25.03,0.000000
95.00,0.0000,0.0000,0.0000,0.0000,0.0000,0.0000,0.5314,-0.3679,0.5314,-0.3679,0.1350,-0.2029,-25.03,0.000000
95.50,0.0000,0.0000,0.0000,0.0000,0.0000,0.0000,0.5314,-0.3679,0.5314,-0.3679,0.1350,-0.2029,-25.03,0.000000
96.01,0.0000,0.0000,0.0000,0.0000,0.0000,0.0000,0.5314,-0.3679,0.5314,-0.3679,0.1350,-0.2029,-25.03,0.000000
96.52,0.0000,0.0000,0.0000,0.0000,0.0000,0.0000,0.5314,-0.3679,0.5314,-0.3679,0.1350,-0.2029,-25.03,0.000000
97.02,0.0000,0.0000,0.0000,0.0000,0.0000,0.0000,0.5314,-0.3679,0.5314,-0.3679,0.1350,-0.2029,-25.03,0.000000
97.52,0.0000,0.0000,0.0000,0.0000,0.0000,0.0000,0.5314,-0.3679,0.5314,-0.3679,0.1350,-0.2029,-25.03,0.000000
98.02,0.0000,0.0000,0.0000,0.0000,0.0000,0.0000,0.5314,-0.3679,0.5314,-0.3679,0.1350,-0.2029,-25.03,0.000000
98.52,0.0000,0.0000,0.0000,0.0000,0.0000,0.0000,0.5314,-0.3679,0.5314,-0.3679,0.1350,-0.2029,-25.03,0.000000
99.02,0.0000,0.0000,0.0000,0.0000,0.0000,0.0000,0.5314,-0.3679,0.5314,-0.3679,0.1350,-0.2029,-25.03,0.000000
99.52,0.0000,0.0000,0.0000,0.0000,0.0000,0.0000,0.5314,-0.3679,0.5314,-0.3679,0.1350,-0.2029,-25.03,0.000000
100.03,0.0000,0.0000,0.0000,0.0000,0.0000,0.0000,0.5314,-0.3679,0.5314,-0.3679,0.1350,-0.2029,-25.03,0.000000
100.54,0.0000,0.0000,0.0000,0.0000,0.0000,0.0000,0.5314,-0.3679,0.5314,-0.3679,0.1350,-0.2029,-25.03,0.000000
101.04,0.0000,0.0000,0.0000,0.0000,0.0000,0.0000,0.5314,-0.3679,0.5314,-0.3679,0.1350,-0.2029,-25.03,0.000000
101.55,0.0000,0.0000,0.0000,0.0000,0.0000,0.0000,0.5314,-0.3679,0.5314,-0.3679,0.1350,-0.2029,-25.03,0.000000
102.06,0.0000,0.0000,0.0000,0.0000,0.0000,0.0000,0.5314,-0.3679,0.5314,-0.3679,0.1350,-0.2029,-25.03,0.000000
102.56,-0.0100,0.0000,0.0000,0.0000,0.0000,0.0000,0.5314,-0.3679,0.5314,-0.3679,0.1350,-0.2029,-25.03,0.000000
103.06,-0.0100,0.0000,0.0000,0.0000,0.0000,0.0000,0.5314,-0.3679,0.5314,-0.3679,0.1350,-0.2029,-25.03,0.000000
103.56,0.0000,0.0000,0.0000,0.0000,0.0000,0.0000,0.5314,-0.3679,0.5314,-0.3679,0.1350,-0.2029,-25.03,0.000000
104.06,-0.0100,0.0000,0.0000,0.0000,0.0000,0.0000,0.5314,-0.3679,0.5314,-0.3679,0.1350,-0.2029,-25.03,0.000000
104.56,-0.0100,0.0000,0.0000,0.0000,0.0000,0.0000,0.5314,-0.3679,0.5314,-0.3679,0.1350,-0.2029,-25.03,0.000000
105.06,-0.0100,0.0000,0.0000,0.0000,-0.0000,0.0000,0.5314,-0.3679,0.5314,-0.3679,0.1350,-0.2029,-25.03,0.000000
105.57,-0.0100,0.0000,0.0000,0.0000,-0.0000,0.0000,0.5314,-0.3679,0.5314,-0.3679,0.1350,-0.2029,-25.03,0.000000
106.07,-0.0100,0.0000,0.0000,0.0000,-0.0000,0.0000,0.5314,-0.3679,0.5314,-0.3679,0.1350,-0.2029,-25.03,0.000000
106.58,-0.0100,0.0000,0.0000,0.0000,-0.0000,0.0000,0.5314,-0.3679,0.5314,-0.3679,0.1350,-0.2029,-25.03,0.000000
107.08,-0.0100,0.0000,0.0000,0.0000,-0.0000,0.0000,0.5314,-0.3679,0.5314,-0.3679,0.1350,-0.2029,-25.03,0.000000
107.58,-0.0100,0.0000,0.0000,0.0000,-0.0000,0.0000,0.5314,-0.3679,0.5314,-0.3679,0.1350,-0.2029,-25.03,0.000000
108.08,-0.0100,0.0000,0.0000,0.0000,0.0005,0.0004,0.5305,-0.3680,0.5305,-0.3680,0.1350,-0.2029,-25.03,0.000000
108.58,0.0000,0.0000,0.0000,0.0000,-0.0000,0.0000,0.5306,-0.3680,0.5306,-0.3680,0.1350,-0.2029,-25.03,0.000000
109.08,-0.0100,0.0000,0.0000,0.0000,0.0003,0.0018,0.5305,-0.3675,0.5305,-0.3675,0.1350,-0.2029,-25.03,0.000000
109.59,-0.0100,0.0000,0.0000,0.0000,-0.0001,0.0003,0.5305,-0.3675,0.5305,-0.3675,0.1350,-0.2029,-25.03,0.000000
110.09,-0.0300,-0.0300,-0.0300,-0.0300,-0.0304,0.0235,0.5262,-0.3660,0.5262,-0.3660,0.1350,-0.2029,-25.03,0.000000
110.59,-0.0500,-0.0200,-0.0500,-0.0200,-0.0445,-0.0559,0.5062,-0.3684,0.5062,-0.3684,0.1264,-0.1983,-26.41,0.000000
111.10,-0.0200,0.0200,-0.0200,0.0200,-0.0253,-0.0509,0.4886,-0.3990,0.4886,-0.3990,0.0906,-0.1962,-25.74,0.000000
111.60,-0.0600,-0.0600,-0.0600,-0.0600,-0.0420,-0.0064,0.4757,-0.3954,0.4761,-0.3954,0.0744,-0.1927,-27.95,1.000000
112.10,-0.0500,-0.0200,-0.0500,-0.0200,-0.0547,-0.0572,0.4498,-0.4159,0.4498,-0.4159,0.0351,-0.1791,-27.59,0.000000
112.60,-0.0500,0.0000,-0.0500,0.0000,-0.0620,-0.0323,0.4224,-0.4365,0.4224,-0.4365,-0.0006,-0.1657,-26.89,0.000000
113.10,-0.2400,-0.0200,-0.2400,-0.0200,-0.2618,-0.0044,0.3515,-0.4433,0.3593,-0.4432,-0.0728,-0.1124,-25.74,0.083333
113.61,-0.4400,-0.0100,-0.4400,0.0000,-0.4638,-0.0341,0.1584,-0.4523,0.1584,-0.4523,-0.2044,0.0465,-21.14,0.022727
114.11,-0.2800,0.0300,-0.2800,0.0300,-0.2771,-0.0197,-0.0425,-0.4721,-0.0425,-0.4721,-0.3286,0.2149,-19.21,0.107143
114.61,-0.0100,0.0400,-0.0200,0.0400,-0.0248,0.0400,-0.1032,-0.4714,-0.1032,-0.4714,-0.3665,0.2433,-20.25,0.000000
115.11,0.0000,0.0200,0.0000,0.0200,-0.0000,0.0199,-0.1040,-0.4560,-0.1040,-0.4565,-0.3665,0.2433,-20.25,0.000000
115.62,0.0000,0.0000,0.0000,0.0000,-0.0000,-0.0000,-0.1008,-0.4537,-0.1008,-0.4537,-0.3636,0.2534,-21.18,0.000000
116.12,-0.0200,0.0200,-0.0200,0.0200,-0.0198,0.0198,-0.1077,-0.4519,-0.1074,-0.4521,-0.3636,0.2534,-21.18,0.000000
116.62,0.0000,0.0000,0.0000,0.0000,-0.0000,0.0000,-0.1071,-0.4455,-0.1071,-0.4455,-0.3636,0.2534,-21.18,0.000000
117.12,0.0100,0.0000,0.0000,0.0000,0.0002,0.0000,-0.1071,-0.4455,-0.1071,-0.4455,-0.3636,0.2534,-21.18,0.000000
117.63,0.0000,0.0000,0.0000,0.0000,-0.0000,-0.0000,-0.1010,-0.4456,-0.1010,-0.4456,-0.3636,0.2534,-21.18,0.000000
118.13,-0.0100,0.0000,0.0000,0.0000,-0.0000,-0.0000,-0.1017,-0.4456,-0.1017,-0.4456,-0.3636,0.2534,-21.18,0.000000
118.64,0.0000,0.0100,0.0000,0.0000,0.0000,-0.0000,-0.1017,-0.4456,-0.1017,-0.4456,-0.3636,0.2534,-21.18,0.000000
119.14,0.0000,0.0000,0.0000,0.0000,-0.0000,-0.0000,-0.1017,-0.4456,-0.1017,-0.4456,-0.3636,0.2534,-21.18,0.000000
119.64,0.0400,0.0000,0.0400,0.0000,0.0157,-0.0002,-0.1011,-0.4456,-0.1011,-0.4456,-0.3636,0.2534,-21.18,0.000000
120.14,0.2800,0.0100,0.2800,0.0000,0.2729,-0.0088,-0.0293,-0.4466,-0.0293,-0.4466,-0.3258,0.2092,-22.44,0.035714
120.64,0.3700,0.0200,0.3700,0.0200,0.3713,-0.0073,0.1491,-0.4507,0.1491,-0.4507,-0.1866,0.0630,-22.88,0.054054
121.14,0.1800,-0.0300,0.1800,-0.0300,0.1896,0.0078,0.2954,-0.4473,0.2954,-0.4473,-0.0872,-0.0483,-25.54,0.166667
121.65,0.0500,-0.0600,0.0500,-0.0600,0.0519,-0.0236,0.3508,-0.4474,0.3508,-0.4474,-0.0422,-0.0885,-24.09,0.833333
122.16,0.0300,-0.0300,0.0300,-0.0300,0.0323,-0.0449,0.3672,-0.4662,0.3672,-0.4662,-0.0494,-0.1102,-24.60,0.000000
122.66,0.0300,-0.0200,0.0300,-0.0200,0.0386,-0.0303,0.3870,-0.4855,0.3862,-0.4848,-0.0605,-0.1275,-25.36,0.000000
123.16,0.0200,-0.0200,0.0200,-0.0200,0.0200,-0.0200,0.4000,-0.4953,0.4000,-0.4953,-0.0605,-0.1275,-25.36,0.000000
123.67,0.0000,-0.0100,0.0000,0.0000,0.0000,0.0000,0.4015,-0.4966,0.4015,-0.4966,-0.0554,-0.1613,-25.17,0.000000
124.17,0.0000,-0.0200,0.0000,-0.0200,0.0000,-0.0200,0.4015,-0.5037,0.4015,-0.5037,-0.0554,-0.1613,-25.17,0.000000
124.67,-0.0100,-0.0100,0.0000,0.0000,0.0000,-0.0000,0.4015,-0.5053,0.4015,-0.5053,-0.0554,-0.1613,-25.17,0.000000
125.18,-0.0100,0.0000,0.0000,0.0000,0.0000,0.0000,0.4015,-0.5053,0.4015,-0.5053,-0.0554,-0.1613,-25.17,0.000000
125.68,0.0000,0.0000,0.0000,0.0000,0.0000,0.0000,0.4015,-0.5053,0.4015,-0.5053,-0.0554,-0.1613,-25.17,0.000000
126.18,-0.0100,0.0000,0.0000,0.0000,-0.0000,-0.0000,0.4015,-0.5053,0.4015,-0.5053,-0.0554,-0.1613,-25.17,0.000000
126.68,0.0000,-0.0900,0.0000,-0.0900,-0.0045,0.0252,0.4012,-0.5041,0.4013,-0.5048,-0.0707,-0.1675,-23.95,0.000000
127.18,-0.0300,-0.2800,-0.0300,-0.2800,-0.0190,-0.0576,0.3983,-0.5023,0.3983,-0.5023,-0.0742,-0.1646,-25.07,0.107143
127.68,-0.0300,-0.2100,-0.0300,-0.2100,-0.0171,-0.2567,0.3876,-0.5857,0.3880,-0.5800,-0.1218,-0.1860,-26.88,0.142857
128.18,0.0200,-0.1500,0.0200,-0.1500,0.0155,-0.2222,0.3920,-0.7026,0.3917,-0.6992,-0.2130,-0.2448,-25.22,0.133333
128.68,-0.0100,-0.0300,0.0000,-0.0300,-0.0173,-0.1757,0.3915,-0.8027,0.3915,-0.8027,-0.3088,-0.3024,-23.16,0.000000
129.18,-0.0100,0.0200,0.0000,0.0200,-0.0003,0.0180,0.3875,-0.8099,0.3875,-0.8099,-0.3233,-0.3208,-23.27,0.000000
129.69,-0.0100,0.0000,0.0000,0.0000,-0.0198,-0.0000,0.3781,-0.8054,0.3781,-0.8054,-0.3233,-0.3208,-23.27,0.000000
130.19,0.0000,0.0000,0.0000,0.0000,0.0000,-0.0000,0.3781,-0.8054,0.3781,-0.8054,-0.3233,-0.3208,-23.27,0.000000
130.69,0.0000,0.0100,0.0000,0.0000,0.0000,-0.0000,0.3781,-0.8054,0.3781,-0.8054,-0.3233,-0.3208,-23.27,0.000000
131.19,-0.0100,0.0200,0.0000,0.0200,-0.0000,-0.0000,0.3781,-0.8054,0.3781,-0.8054,-0.3233,-0.3208,-23.27,0.000000
131.69,-0.0200,0.1400,-0.0200,0.1400,-0.0041,-0.0039,0.3772,-0.8047,0.3772,-0.8047,-0.3301,-0.3227,-21.61,0.142857
132.20,-0.0400,0.3100,-0.0400,0.3100,-0.0408,0.0733,0.3649,-0.7841,0.3649,-0.7841,-0.3301,-0.3227,-21.61,0.129032
132.70,0.0100,0.2400,0.0000,0.2400,0.0050,0.3033,0.3552,-0.6869,0.3551,-0.6946,-0.2724,-0.2118,-23.88,0.041667
133.20,-0.0100,0.0800,0.0000,0.0800,-0.0049,0.2363,0.3557,-0.5384,0.3557,-0.5384,-0.1541,-0.0963,-25.27,0.125000
133.70,-0.0100,-0.0300,0.0000,-0.0300,-0.0050,-0.0146,0.3532,-0.4791,0.3532,-0.4791,-0.1043,-0.0634,-27.38,0.000000
134.20,0.0000,-0.0500,0.0000,-0.0500,0.0094,-0.0109,0.3560,-0.4799,0.3557,-0.4797,-0.1043,-0.0634,-27.38,0.000000
134.70,-0.0100,-0.0400,0.0000,-0.0400,-0.0072,-0.0341,0.3543,-0.4900,0.3544,-0.4893,-0.1043,-0.0634,-27.38,0.000000
135.21,-0.0100,0.0000,0.0000,0.0000,-0.0000,-0.0003,0.3525,-0.5020,0.3525,-0.5020,-0.1154,-0.0739,-26.29,0.000000
135.71,0.0000,0.0000,0.0000,0.0000,-0.0000,0.0000,0.3492,-0.5020,0.3492,-0.5020,-0.1154,-0.0739,-26.29,0.000000
136.21,0.0000,-0.0100,0.0000,0.0000,-0.0000,0.0000,0.3492,-0.5019,0.3492,-0.5019,-0.1154,-0.0739,-26.29,0.000000
136.72,0.0000,-0.0100,0.0000,0.0000,0.0003,0.0000,0.3492,-0.5019,0.3492,-0.5019,-0.1154,-0.0739,-26.29,0.000000
137.22,0.0000,-0.0200,0.0000,-0.0200,0.0000,0.0002,0.3492,-0.5031,0.3492,-0.5031,-0.1154,-0.0739,-26.29,0.000000
137.72,0.0000,0.0000,0.0000,0.0000,-0.0007,-0.0006,0.3492,-0.5090,0.3492,-0.5090,-0.1154,-0.0739,-26.29,0.000000
138.22,0.0200,0.0700,0.0200,0.0700,0.0202,0.0249,0.3512,-0.5034,0.3512,-0.5034,-0.1154,-0.0739,-26.29,0.285714
138.73,0.0600,0.0600,0.0700,0.0600,0.0544,0.0786,0.3722,-0.4755,0.3722,-0.4755,-0.1154,-0.0739,-26.29,1.000000
139.24,0.0300,0.0600,0.0300,0.0600,0.0299,0.0724,0.3934,-0.4354,0.3934,-0.4354,-0.0468,-0.0759,-27.55,0.500000
139.74,0.0400,0.0500,0.0400,0.0500,0.0352,0.0563,0.4096,-0.4025,0.4096,-0.4025,-0.0311,-0.0756,-26.93,0.000000
140.25,0.0600,0.0600,0.0700,0.0500,0.0502,0.0453,0.4313,-0.3739,0.4313,-0.3739,0.0227,-0.0701,-26.74,1.000000
140.75,0.0200,0.0300,0.0000,0.0300,0.0010,0.0202,0.4390,-0.3538,0.4390,-0.3538,0.0499,-0.0533,-26.57,0.000000
141.26,0.0200,0.0100,0.0200,0.0000,0.0200,0.0202,0.4455,-0.3481,0.4455,-0.3481,0.0499,-0.0533,-26.57,0.000000
141.76,0.0200,0.0400,0.0200,0.0400,0.0047,0.0193,0.4521,-0.3426,0.4521,-0.3426,0.0700,-0.0361,-26.20,0.000000
142.26,0.0000,0.0300,0.0000,0.0300,0.0066,0.0283,0.4525,-0.3296,0.4525,-0.3299,0.0700,-0.0361,-26.20,0.000000
142.76,0.0000,0.0000,0.0000,0.0000,0.0000,0.0000,0.4527,-0.3238,0.4527,-0.3238,0.1073,-0.0251,-25.46,0.000000
143.26,0.0000,0.0000,0.0000,0.0000,0.0000,0.0000,0.4527,-0.3237,0.4527,-0.3237,0.1073,-0.0251,-25.46,0.000000
143.76,0.0000,0.0000,0.0000,0.0000,0.0000,0.0000,0.4527,-0.3237,0.4527,-0.3237,0.1073,-0.0251,-25.46,0.000000
144.26,0.0000,0.0000,0.0000,0.0000,0.0000,0.0000,0.4527,-0.3237,0.4527,-0.3237,0.1073,-0.0251,-25.46,0.000000
144.76,0.0000,0.0000,0.0000,0.0000,0.0000,0.0000,0.4527,-0.3237,0.4527,-0.3237,0.1073,-0.0251,-25.46,0.000000
145.27,0.0000,0.0000,0.0000,0.0000,0.0000,0.0000,0.4527,-0.3237,0.4527,-0.3237,0.1073,-0.0251,-25.46,0.000000
145.77,0.0000,0.0000,0.0000,0.0000,0.0000,0.0000,0.4527,-0.3237,0.4527,-0.3237,0.1073,-0.0251,-25.46,0.000000
146.28,0.0000,0.0000,0.0000,0.0000,0.0000,0.0000,0.4527,-0.3237,0.4527,-0.3237,0.1073,-0.0251,-25.46,0.000000
146.78,0.0000,0.0000,0.0000,0.0000,0.0000,0.0000,0.4527,-0.3237,0.4527,-0.3237,0.1073,-0.0251,-25.46,0.000000
147.28,0.0000,0.0000,0.0000,0.0000,0.0000,0.0000,0.4527,-0.3237,0.4527,-0.3237,0.1073,-0.0251,-25.46,0.000000
147.78,0.0000,0.0000,0.0000,0.0000,0.0000,0.0000,0.4527,-0.3237,0.4527,-0.3237,0.1073,-0.0251,-25.46,0.000000
148.28,0.0000,0.0000,0.0000,0.0000,0.0000,0.0000,0.4527,-0.3237,0.4527,-0.3237,0.1073,-0.0251,-25.46,0.000000
148.79,0.0000,0.0000,0.0000,0.0000,0.0000,0.0000,0.4527,-0.3237,0.4527,-0.3237,0.1073,-0.0251,-25.46,0.000000
149.29,0.0000,0.0000,0.0000,0.0000,0.0000,0.0000,0.4527,-0.3237,0.4527,-0.3237,0.1073,-0.0251,-25.46,0.000000
149.79,0.0000,0.0000,0.0000,0.0000,0.0000,0.0000,0.4527,-0.3237,0.4527,-0.3237,0.1073,-0.0251,-25.46,0.000000
150.29,0.0000,0.0000,0.0000,0.0000,0.0000,0.0000,0.4527,-0.3237,0.4527,-0.3237,0.1073,-0.0251,-25.46,0.000000
150.80,0.0000,0.0000,0.0000,0.0000,0.0000,0.0000,0.4527,-0.3237,0.4527,-0.3237,0.1073,-0.0251,-25.46,0.000000
151.30,0.0000,0.0000,0.0000,0.0000,0.0000,0.0000,0.4527,-0.3237,0.4527,-0.3237,0.1073,-0.0251,-25.46,0.000000
151.80,0.0000,0.0000,0.0000,0.0000,0.0000,0.0000,0.4527,-0.3237,0.4527,-0.3237,0.1073,-0.0251,-25.46,0.000000
152.30,0.0000,0.0000,0.0000,0.0000,0.0000,0.0000,0.4527,-0.3237,0.4527,-0.3237,0.1073,-0.0251,-25.46,0.000000
152.80,0.0000,0.0000,0.0000,0.0000,0.0000,0.0000,0.4527,-0.3237,0.4527,-0.3237,0.1073,-0.0251,-25.46,0.000000
153.30,0.0000,0.0000,0.0000,0.0000,0.0000,0.0000,0.4527,-0.3237,0.4527,-0.3237,0.1073,-0.0251,-25.46,0.000000
153.81,0.0000,0.0000,0.0000,0.0000,0.0000,0.0000,0.4527,-0.3237,0.4527,-0.3237,0.1073,-0.0251,-25.46,0.000000
154.32,0.0000,0.0000,0.0000,0.0000,0.0000,0.0000,0.4527,-0.3237,0.4527,-0.3237,0.1073,-0.0251,-25.46,0.000000
154.82,0.0000,0.0000,0.0000,0.0000,0.0000,0.0000,0.4527,-0.3237,0.4527,-0.3237,0.1073,-0.0251,-25.46,0.000000
155.32,0.0000,0.0000,0.0000,0.0000,0.0000,0.0000,0.4527,-0.3237,0.4527,-0.3237,0.1073,-0.0251,-25.46,0.000000
155.82,0.0000,0.0100,0.0000,0.0000,0.0000,0.0000,0.4527,-0.3237,0.4527,-0.3237,0.1073,-0.0251,-25.46,0.000000
156.33,0.0000,0.0100,0.0000,0.0000,0.0000,0.0000,0.4527,-0.3237,0.4527,-0.3237,0.1073,-0.0251,-25.46,0.000000
156.84,0.0000,0.0000,0.0000,0.0000,0.0000,0.0000,0.4527,-0.3237,0.4527,-0.3237,0.1073,-0.0251,-25.46,0.000000
157.34,0.0000,0.0000,0.0000,0.0000,0.0000,0.0000,0.4527,-0.3237,0.4527,-0.3237,0.1073,-0.0251,-25.46,0.000000
157.84,0.0000,0.0000,0.0000,0.0000,0.0000,0.0000,0.4527,-0.3237,0.4527,-0.3237,0.1073,-0.0251,-25.46,0.000000
158.34,0.0000,0.0000,0.0000,0.0000,0.0000,0.0000,0.4527,-0.3237,0.4527,-0.3237,0.1073,-0.0251,-25.46,0.000000
158.84,0.0000,0.0000,0.0000,0.0000,0.0000,0.0000,0.4527,-0.3237,0.4527,-0.3237,0.1073,-0.0251,-25.46,0.000000
159.35,0.0000,0.0000,0.0000,0.0000,0.0000,0.0000,0.4527,-0.3237,0.4527,-0.3237,0.1073,-0.0251,-25.46,0.000000
159.85,0.0000,0.0000,0.0000,0.0000,0.0000,0.0000,0.4527,-0.3237,0.4527,-0.3237,0.1073,-0.0251,-25.46,0.000000
160.35,0.0000,0.0000,0.0000,0.0000,0.0000,0.0000,0.4527,-0.3237,0.4527,-0.3237,0.1073,-0.0251,-25.46,0.000000
160.85,0.0000,0.0100,0.0000,0.0000,0.0000,0.0000,0.4527,-0.3237,0.4527,-0.3237,0.1073,-0.0251,-25.46,0.000000
161.35,0.0000,0.0100,0.0000,0.0000,0.0000,0.0000,0.4527,-0.3237,0.4527,-0.3237,0.1073,-0.0251,-25.46,0.000000
161.86,0.0100,0.0100,0.0000,0.0000,0.0000,0.0000,0.4527,-0.3237,0.4527,-0.3237,0.1073,-0.0251,-25.46,0.000000
162.36,0.0000,0.0100,0.0000,0.0000,0.0000,0.0000,0.4527,-0.3237,0.4527,-0.3237,0.1073,-0.0251,-25.46,0.000000
162.86,0.0000,0.0100,0.0000,0.0000,0.0000,0.0000,0.4527,-0.3237,0.4527,-0.3237,0.1073,-0.0251,-25.46,0.000000
163.36,0.0100,0.0100,0.0000,0.0000,0.0000,0.0000,0.4527,-0.3237,0.4527,-0.3237,0.1073,-0.0251,-25.46,0.000000
163.86,0.0000,0.0100,0.0000,0.0000,0.0000,0.0000,0.4527,-0.3237,0.4527,-0.3237,0.1073,-0.0251,-25.46,0.000000
164.37,0.0000,0.0000,0.0000,0.0000,0.0000,0.0000,0.4527,-0.3237,0.4527,-0.3237,0.1073,-0.0251,-25.46,0.000000
164.87,0.0000,0.0000,0.0000,0.0000,0.0000,0.0000,0.4527,-0.3237,0.4527,-0.3237,0.1073,-0.0251,-25.46,0.000000
165.37,0.0000,0.0000,0.0000,0.0000,0.0000,0.0000,0.4527,-0.3237,0.4527,-0.3237,0.1073,-0.0251,-25.46,0.000000
165.88,0.0000,0.0000,0.0000,0.0000,0.0000,0.0000,0.4527,-0.3237,0.4527,-0.3237,0.1073,-0.0251,-25.46,0.000000
166.38,0.0000,0.0000,0.0000,0.0000,0.0000,0.0000,0.4527,-0.3237,0.4527,-0.3237,0.1073,-0.0251,-25.46,0.000000
166.88,0.0000,0.0000,0.0000,0.0000,0.0000,0.0000,0.4527,-0.3237,0.4527,-0.3237,0.1073,-0.0251,-25.46,0.000000
167.38,0.0000,0.0000,0.0000,0.0000,0.0000,0.0000,0.4527,-0.3237,0.4527,-0.3237,0.1073,-0.0251,-25.46,0.000000
167.89,0.0000,0.0000,0.0000,0.0000,0.0000,0.0000,0.4527,-0.3237,0.4527,-0.3237,0.1073,-0.0251,-25.46,0.000000
168.40,0.0000,0.0000,0.0000,0.0000,0.0000,0.0000,0.4527,-0.3237,0.4527,-0.3237,0.1073,-0.0251,-25.46,0.000000
168.90,0.0000,0.0000,0.0000,0.0000,0.0000,0.0000,0.4527,-0.3237,0.4527,-0.3237,0.1073,-0.0251,-25.46,0.000000
169.40,0.0000,0.0000,0.0000,0.0000,0.0000,0.0000,0.4527,-0.3237,0.4527,-0.3237,0.1073,-0.0251,-25.46,0.000000
169.90,0.0000,0.0000,0.0000,0.0000,0.0000,0.0000,0.4527,-0.3237,0.4527,-0.3237,0.1073,-0.0251,-25.46,0.000000
170.40,0.0000,0.0000,0.0000,0.0000,0.0000,0.0000,0.4527,-0.3237,0.4527,-0.3237,0.1073,-0.0251,-25.46,0.000000
170.90,0.0000,0.0000,0.0000,0.0000,0.0000,0.0000,0.4527,-0.3237,0.4527,-0.3237,0.1073,-0.0251,-25.46,0.000000
171.40,0.0000,0.0000,0.0000,0.0000,0.0000,0.0000,0.4527,-0.3237,0.4527,-0.3237,0.1073,-0.0251,-25.46,0.000000
171.90,0.0000,0.0000,0.0000,0.0000,0.0000,0.0000,0.4527,-0.3237,0.4527,-0.3237,0.1073,-0.0251,-25.46,0.000000
172.41,0.0000,0.0000,0.0000,0.0000,0.0000,0.0000,0.4527,-0.3237,0.4527,-0.3237,0.1073,-0.0251,-25.46,0.000000
172.91,0.0000,0.0000,0.0000,0.0000,0.0000,0.0000,0.4527,-0.3237,0.4527,-0.3237,0.1073,-0.0251,-25.46,0.000000
173.42,0.0000,0.0000,0.0000,0.0000,0.0000,0.0000,0.4527,-0.3237,0.4527,-0.3237,0.1073,-0.0251,-25.46,0.000000
173.92,0.0000,0.0000,0.0000,0.0000,0.0000,0.0000,0.4527,-0.3237,0.4527,-0.3237,0.1073,-0.0251,-25.46,0.000000
174.42,0.0000,0.0000,0.0000,0.0000,0.0000,0.0000,0.4527,-0.3237,0.4527,-0.3237,0.1073,-0.0251,-25.46,0.000000
174.92,0.0000,0.0000,0.0000,0.0000,0.0000,0.0000,0.4527,-0.3237,0.4527,-0.3237,0.1073,-0.0251,-25.46,0.000000
175.42,0.0000,0.0000,0.0000,0.0000,0.0000,0.0000,0.4527,-0.3237,0.4527,-0.3237,0.1073,-0.0251,-25.46,0.000000
175.93,0.0000,0.0000,0.0000,0.0000,0.0000,0.0000,0.4527,-0.3237,0.4527,-0.3237,0.1073,-0.0251,-25.46,0.000000
176.43,0.0000,0.0000,0.0000,0.0000,0.0000,0.0000,0.4527,-0.3237,0.4527,-0.3237,0.1073,-0.0251,-25.46,0.000000
176.93,0.0000,0.0000,0.0000,0.0000,0.0000,0.0000,0.4527,-0.3237,0.4527,-0.3237,0.1073,-0.0251,-25.46,0.000000
177.43,0.0000,0.0000,0.0000,0.0000,0.0000,0.0000,0.4527,-0.3237,0.4527,-0.3237,0.1073,-0.0251,-25.46,0.000000
177.94,0.0000,0.0000,0.0000,0.0000,0.0000,0.0000,0.4527,-0.3237,0.4527,-0.3237,0.1073,-0.0251,-25.46,0.000000
178.44,0.0000,0.0000,0.0000,0.0000,0.0000,0.0000,0.4527,-0.3237,0.4527,-0.3237,0.1073,-0.0251,-25.46,0.000000
178.95,0.0000,0.0000,0.0000,0.0000,0.0000,0.0000,0.4527,-0.3237,0.4527,-0.3237,0.1073,-0.0251,-25.46,0.000000
179.46,0.0000,0.0000,0.0000,0.0000,0.0000,0.0000,0.4527,-0.3237,0.4527,-0.3237,0.1073,-0.0251,-25.46,0.000000
179.96,0.0000,0.0000,0.0000,0.0000,0.0000,0.0000,0.4527,-0.3237,0.4527,-0.3237,0.1124,-0.0083,-26.70,0.000000
