elapsed_s,amcl_yaw_deg,map_to_odom_yaw_deg,odom_to_base_yaw_deg,tf_chain_yaw_deg,odom_msg_yaw_deg,amcl_yaw_sigma_deg,note
10.85,-1.07,-113.70,112.63,-1.07,0.00,0.00,
10.87,-1.07,-113.70,112.63,-1.07,0.00,0.00,
10.89,-1.07,-113.70,112.62,-1.07,0.00,0.00,
10.89,-1.07,-113.70,112.62,-1.07,0.00,0.00,
10.91,-1.07,-113.70,112.63,-1.07,0.00,0.00,
10.93,-1.07,-113.70,112.63,-1.07,0.00,0.00,
10.95,-1.07,-113.70,112.62,-1.07,0.00,0.00,
10.97,-1.07,-113.70,112.62,-1.07,0.00,0.00,
10.99,-1.07,-113.70,112.62,-1.07,0.00,0.00,
10.99,-1.07,-113.70,112.62,-1.07,0.00,0.00,
11.01,-1.07,-113.70,112.63,-1.07,0.00,0.00,
11.03,-1.07,-113.70,112.63,-1.07,0.00,0.00,
11.05,-1.07,-113.70,112.63,-1.07,0.00,0.00,
11.07,-1.07,-113.70,112.63,-1.07,0.00,0.00,
11.09,-1.07,-113.70,112.63,-1.07,0.00,0.00,
11.09,-1.07,-113.70,112.63,-1.07,0.00,0.00,
11.11,-1.07,-113.70,112.63,-1.07,0.00,0.00,
11.13,-1.07,-113.70,112.63,-1.07,0.00,0.00,
11.15,-1.07,-113.70,112.63,-1.07,0.00,0.00,
11.17,-1.07,-113.70,112.63,-1.07,0.00,0.00,
11.19,-1.07,-113.70,112.63,-1.07,0.00,0.00,
11.19,-1.07,-113.70,112.63,-1.07,0.00,0.00,
11.21,-1.07,-113.70,112.63,-1.06,0.00,0.00,
11.23,-1.07,-113.70,112.63,-1.06,0.00,0.00,
11.26,-1.07,-113.70,112.63,-1.06,0.00,0.00,
11.28,-1.07,-113.70,112.63,-1.07,0.00,0.00,
11.30,-1.07,-113.70,112.63,-1.07,0.00,0.00,
11.30,-1.07,-113.70,112.63,-1.07,0.00,0.00,
11.32,-1.07,-113.70,112.63,-1.07,0.00,0.00,
11.33,-1.07,-113.70,112.63,-1.07,0.00,0.00,
11.39,-1.07,-113.70,112.63,-1.07,0.00,0.00,
11.43,-1.07,-113.70,112.63,-1.07,0.00,0.00,
11.49,-1.07,-113.70,112.63,-1.07,0.00,0.00,
11.50,-1.07,-113.70,112.63,-1.07,0.00,0.00,
11.50,-1.07,-113.70,112.63,-1.07,0.00,0.00,
11.51,-1.07,-113.70,112.62,-1.07,0.00,0.00,
11.51,-1.07,-113.70,112.62,-1.07,0.00,0.00,
11.59,-1.07,-113.70,112.62,-1.07,0.00,0.00,
11.62,-1.07,-113.70,112.62,-1.07,0.00,0.00,
11.62,-1.07,-113.70,112.62,-1.07,0.00,0.00,
11.63,-1.07,-113.70,112.62,-1.07,0.00,0.00,
11.63,-1.07,-113.70,112.62,-1.07,0.00,0.00,
11.63,-1.07,-113.70,112.62,-1.07,0.00,0.00,
11.63,-1.07,-113.70,112.62,-1.07,0.00,0.00,
11.65,-1.07,-113.70,112.62,-1.07,0.00,0.00,
11.68,-1.07,-113.70,112.63,-1.07,0.00,0.00,
11.75,-1.07,-113.70,112.63,-1.07,0.00,0.00,
11.76,-1.07,-113.70,112.63,-1.07,0.00,0.00,
11.76,-1.07,-113.70,112.63,-1.07,0.00,0.00,
11.76,-1.07,-113.70,112.63,-1.07,0.00,0.00,
11.78,-1.07,-113.70,112.63,-1.07,0.00,0.00,
11.86,-1.07,-113.70,112.63,-1.07,0.00,0.00,
11.86,-1.07,-113.70,112.63,-1.07,0.00,0.00,
11.92,-1.07,-113.70,112.63,-1.07,0.00,0.00,
11.92,-1.07,-113.70,112.63,-1.07,0.00,0.00,
11.92,-1.07,-113.70,112.63,-1.07,0.00,0.00,
12.02,-1.07,-113.70,112.63,-1.07,0.00,0.00,
12.06,-1.07,-113.70,112.63,-1.07,0.00,0.00,
12.06,-1.07,-113.70,112.63,-1.07,0.00,0.00,
12.08,-1.07,-113.70,112.63,-1.07,0.00,0.00,
12.09,-1.07,-113.70,112.63,-1.07,0.00,0.00,
12.10,-1.07,-113.70,112.63,-1.07,0.00,0.00,
12.10,-1.07,-113.70,112.63,-1.07,0.00,0.00,
12.15,-1.07,-113.70,112.63,-1.07,0.00,0.00,
12.15,-1.07,-113.70,112.63,-1.07,0.00,0.00,
12.16,-1.07,-113.70,112.63,-1.07,0.00,0.00,
12.20,-1.07,-113.70,112.63,-1.07,0.00,0.00,
12.21,-1.07,-113.70,112.63,-1.07,0.00,0.00,
12.23,-1.07,-113.70,112.63,-1.07,0.00,0.00,
12.27,-1.07,-113.70,112.63,-1.07,0.00,0.00,
12.28,-1.07,-113.70,112.63,-1.07,0.00,0.00,
12.31,-1.07,-113.70,112.63,-1.07,0.00,0.00,
12.33,-1.07,-113.70,112.63,-1.07,0.00,0.00,
12.38,-1.07,-113.70,112.63,-1.07,0.00,0.00,
12.40,-1.07,-113.70,112.63,-1.07,0.00,0.00,
12.41,-1.07,-113.70,112.63,-1.07,0.00,0.00,
12.43,-1.07,-113.70,112.62,-1.07,0.00,0.00,
12.46,-1.07,-113.70,112.62,-1.08,0.00,0.00,
12.46,-1.07,-113.70,112.62,-1.08,0.00,0.00,
12.47,-1.07,-113.70,112.62,-1.08,0.00,0.00,
12.50,-1.07,-113.70,112.62,-1.08,0.00,0.00,
12.51,-1.07,-113.70,112.62,-1.08,0.00,0.00,
12.53,-1.07,-113.70,112.62,-1.08,0.00,0.00,
12.57,-1.07,-113.70,112.62,-1.08,0.00,0.00,
12.57,-1.07,-113.70,112.62,-1.08,0.00,0.00,
12.58,-1.07,-113.70,112.62,-1.08,0.00,0.00,
12.60,-1.07,-113.70,112.62,-1.08,0.00,0.00,
12.65,-1.07,-113.70,112.60,-1.09,0.00,0.00,
12.66,-1.07,-113.70,112.60,-1.09,0.00,0.00,
12.66,-1.07,-113.70,112.60,-1.09,0.00,0.00,
12.68,-1.07,-113.70,112.60,-1.09,0.00,0.00,
12.69,-1.07,-113.70,112.60,-1.09,0.00,0.00,
12.72,-1.07,-113.70,112.60,-1.10,0.00,0.00,
12.74,-1.07,-113.70,112.59,-1.10,0.00,0.00,
12.77,-1.07,-113.70,112.60,-1.10,0.00,0.00,
12.79,-1.07,-113.70,112.60,-1.10,0.00,0.00,
12.81,-1.07,-113.70,112.60,-1.09,0.00,0.00,
12.82,-1.07,-113.70,112.60,-1.09,0.00,0.00,
12.83,-1.07,-113.70,112.60,-1.10,0.00,0.00,
12.85,-1.07,-113.70,112.59,-1.10,0.00,0.00,
12.87,-1.07,-113.70,112.60,-1.10,0.00,0.00,
12.89,-1.07,-113.70,112.59,-1.10,0.00,0.00,
12.90,-1.07,-113.70,112.59,-1.10,0.00,0.00,
12.91,-1.07,-113.70,112.59,-1.10,0.00,0.00,
12.93,-1.07,-113.70,112.60,-1.10,0.00,0.00,
12.98,-1.07,-113.70,112.60,-1.10,0.00,0.00,
12.98,-1.07,-113.70,112.60,-1.10,0.00,0.00,
12.99,-1.07,-113.70,112.60,-1.10,0.00,0.00,
13.01,-1.07,-113.70,112.59,-1.11,0.00,0.00,
13.03,-1.07,-113.70,112.59,-1.11,0.00,0.00,
13.05,-1.07,-113.70,112.59,-1.11,0.00,0.00,
13.07,-1.07,-113.70,112.59,-1.11,0.00,0.00,
13.09,-1.07,-113.70,112.58,-1.11,0.00,0.00,
13.09,-1.07,-113.70,112.58,-1.11,0.00,0.00,
13.11,-1.07,-113.70,112.58,-1.11,0.00,0.00,
13.14,-1.07,-113.70,112.58,-1.11,0.00,0.00,
13.15,-1.07,-113.70,112.58,-1.11,0.00,0.00,
13.17,-1.07,-113.70,112.58,-1.11,0.00,0.00,
13.19,-1.07,-113.70,112.58,-1.12,0.00,0.00,
13.19,-1.07,-113.70,112.58,-1.12,0.00,0.00,
13.21,-1.07,-113.70,112.58,-1.12,0.00,0.00,
13.23,-1.07,-113.70,112.58,-1.12,0.00,0.00,
13.25,-1.07,-113.70,112.58,-1.11,0.00,0.00,
13.27,-1.07,-113.70,112.58,-1.12,0.00,0.00,
13.29,-1.07,-113.70,112.58,-1.11,0.00,0.00,
13.29,-1.07,-113.70,112.58,-1.11,0.00,0.00,
13.31,-1.07,-113.70,112.58,-1.11,0.00,0.00,
13.34,-1.07,-113.70,112.58,-1.11,0.00,0.00,
13.43,-1.07,-113.70,112.58,-1.11,0.00,0.00,
13.51,-1.07,-113.70,112.58,-1.11,0.00,0.00,
13.51,-1.07,-113.70,112.58,-1.11,0.00,0.00,
13.53,-1.07,-113.70,112.58,-1.12,0.00,0.00,
13.53,-1.07,-113.70,112.58,-1.12,0.00,0.00,
13.55,-1.07,-113.70,112.60,-1.10,0.00,0.00,
13.58,-1.07,-113.70,112.60,-1.10,0.00,0.00,
13.59,-1.07,-113.70,112.60,-1.10,0.00,0.00,
13.59,-1.07,-113.70,112.60,-1.10,0.00,0.00,
13.61,-1.07,-113.70,112.60,-1.10,0.00,0.00,
13.63,-1.07,-113.70,112.60,-1.10,0.00,0.00,
13.65,-1.07,-113.70,112.60,-1.09,0.00,0.00,
13.67,-1.07,-113.70,112.60,-1.09,0.00,0.00,
13.69,-1.07,-113.70,112.60,-1.10,0.00,0.00,
13.69,-1.07,-113.70,112.60,-1.10,0.00,0.00,
13.71,-1.07,-113.70,112.60,-1.10,0.00,0.00,
13.73,-1.07,-113.70,112.60,-1.10,0.00,0.00,
13.75,-1.07,-113.70,112.60,-1.09,0.00,0.00,
13.77,-1.07,-113.70,112.60,-1.10,0.00,0.00,
13.79,-1.07,-113.70,112.60,-1.10,0.00,0.00,
13.79,-1.07,-113.70,112.60,-1.10,0.00,0.00,
13.82,-1.07,-113.70,112.60,-1.10,0.00,0.00,
13.83,-1.07,-113.70,112.60,-1.10,0.00,0.00,
13.89,-1.07,-113.70,112.60,-1.10,0.00,0.00,
13.91,-1.07,-113.70,112.61,-1.09,0.00,0.00,
13.91,-1.07,-113.70,112.61,-1.09,0.00,0.00,
13.96,-1.07,-113.70,112.60,-1.10,0.00,0.00,
13.99,-1.07,-113.70,112.60,-1.10,0.00,0.00,
14.02,-1.07,-113.70,112.60,-1.10,0.00,0.00,
14.05,-1.07,-113.70,112.60,-1.10,0.00,0.00,
14.07,-1.07,-113.70,112.60,-1.10,0.00,0.00,
14.08,-1.07,-113.70,112.60,-1.10,0.00,0.00,
14.14,-1.07,-113.70,112.60,-1.10,0.00,0.00,
14.14,-1.07,-113.70,112.60,-1.10,0.00,0.00,
14.15,-1.07,-113.70,112.60,-1.10,0.00,0.00,
14.15,-1.07,-113.70,112.61,-1.08,0.00,0.00,
14.16,-1.07,-113.70,112.61,-1.08,0.00,0.00,
14.21,-1.07,-113.70,112.61,-1.09,0.00,0.00,
14.21,-1.07,-113.70,112.61,-1.09,0.00,0.00,
14.25,-1.07,-113.70,112.61,-1.09,0.00,0.00,
14.29,-1.07,-113.70,112.61,-1.09,0.00,0.00,
14.30,-1.07,-113.70,112.61,-1.09,0.00,0.00,
14.31,-1.07,-113.70,112.61,-1.09,0.00,0.00,
14.33,-1.07,-113.70,112.61,-1.09,0.00,0.00,
14.33,-1.07,-113.70,112.61,-1.09,0.00,0.00,
14.36,-1.07,-113.70,112.61,-1.09,0.00,0.00,
14.38,-1.07,-113.70,112.60,-1.09,0.00,0.00,
14.39,-1.07,-113.70,112.60,-1.09,0.00,0.00,
14.39,-1.07,-113.70,112.60,-1.09,0.00,17.79,
14.39,-1.07,-113.68,112.60,-1.08,0.00,17.79,
14.41,-1.07,-113.68,112.60,-1.08,0.00,17.79,
14.43,-1.07,-113.68,112.61,-1.07,0.00,17.79,
14.45,-1.07,-113.68,112.60,-1.08,0.00,17.79,
14.47,-1.07,-113.68,112.60,-1.08,0.00,17.79,
14.49,-1.07,-113.68,112.60,-1.08,0.00,17.79,
14.49,-1.07,-113.68,112.60,-1.08,0.00,17.79,
14.51,-1.07,-113.68,112.60,-1.08,0.00,17.79,
14.53,-1.07,-113.68,112.60,-1.08,0.00,17.79,
14.55,-1.07,-113.68,112.60,-1.08,0.00,17.79,
14.57,-1.07,-113.68,112.60,-1.08,0.00,17.79,
14.59,-1.07,-113.68,112.60,-1.08,0.00,17.79,
14.59,-1.07,-113.68,112.60,-1.08,0.00,17.79,
14.61,-1.07,-113.68,112.60,-1.08,0.00,17.79,
14.63,-1.07,-113.68,112.59,-1.09,0.00,17.79,
14.65,-1.07,-113.68,112.60,-1.08,0.00,17.79,
14.69,-1.07,-113.68,112.60,-1.08,0.00,17.79,
14.71,-1.07,-113.68,112.60,-1.08,0.00,17.79,
14.72,-1.07,-113.68,112.60,-1.08,0.00,17.79,
14.73,-1.07,-113.68,112.60,-1.08,0.00,17.79,
14.74,-1.07,-113.68,112.59,-1.09,0.00,17.79,
14.78,-1.07,-113.68,112.59,-1.09,0.00,17.79,
14.80,-1.07,-113.68,112.59,-1.09,0.00,17.79,
14.82,-1.07,-113.68,112.59,-1.09,0.00,17.79,
14.82,-1.07,-113.68,112.59,-1.09,0.00,17.79,
14.83,-1.07,-113.68,112.59,-1.09,0.00,17.79,
14.87,-1.07,-113.68,112.58,-1.10,0.00,17.79,
14.88,-1.07,-113.68,112.58,-1.10,0.00,17.79,
14.90,-1.07,-113.68,112.59,-1.09,0.00,17.79,
14.91,-1.07,-113.68,112.59,-1.09,0.00,17.79,
14.94,-1.07,-113.68,112.58,-1.10,0.00,17.79,
14.96,-1.07,-113.68,112.58,-1.10,0.00,17.79,
14.99,-1.07,-113.68,112.58,-1.10,0.00,17.79,
15.00,-1.07,-113.68,112.58,-1.10,0.00,17.79,
15.01,-1.07,-113.68,112.58,-1.10,0.00,17.79,
15.02,-1.07,-113.68,112.58,-1.10,0.00,17.79,
15.03,-1.07,-113.68,112.58,-1.10,0.00,17.79,
15.05,-1.07,-113.68,112.58,-1.10,0.00,17.79,
15.07,-1.07,-113.68,112.58,-1.10,0.00,17.79,
15.09,-1.07,-113.68,112.57,-1.11,0.00,17.79,
15.09,-1.07,-113.68,112.57,-1.11,0.00,17.79,
15.11,-1.07,-113.68,112.57,-1.10,0.00,17.79,
15.13,-1.07,-113.68,112.58,-1.10,0.00,17.79,
15.15,-1.07,-113.68,112.57,-1.11,0.00,17.79,
15.17,-1.07,-113.68,112.57,-1.11,0.00,17.79,
15.19,-1.07,-113.68,112.57,-1.11,0.00,17.79,
15.19,-1.07,-113.68,112.57,-1.11,0.00,17.79,
15.21,-1.07,-113.68,112.57,-1.11,0.00,17.79,
15.23,-1.07,-113.68,112.58,-1.10,0.00,17.79,
15.25,-1.07,-113.68,112.58,-1.10,0.00,17.79,
15.27,-1.07,-113.68,112.57,-1.11,0.00,17.79,
15.29,-1.07,-113.68,112.57,-1.11,0.00,17.79,
15.29,-1.07,-113.68,112.57,-1.11,0.00,17.79,
15.31,-1.07,-113.68,112.58,-1.10,0.00,17.79,
15.33,-1.07,-113.68,112.58,-1.10,0.00,17.79,
15.35,-1.07,-113.68,112.58,-1.10,0.00,17.79,
15.37,-1.07,-113.68,112.57,-1.11,0.00,17.79,
15.39,-1.07,-113.68,112.57,-1.11,0.00,17.79,
15.39,-1.07,-113.68,112.57,-1.11,0.00,17.79,
15.41,-1.07,-113.68,112.57,-1.11,0.00,17.79,
15.45,-1.07,-113.68,112.57,-1.11,0.00,17.79,
15.46,-1.07,-113.68,112.57,-1.11,0.00,17.79,
15.48,-1.07,-113.68,112.57,-1.11,0.00,17.79,
15.48,-1.07,-113.68,112.57,-1.11,0.00,17.79,
15.49,-1.07,-113.68,112.57,-1.11,0.00,17.79,
15.51,-1.07,-113.68,112.57,-1.11,0.00,17.79,
15.53,-1.07,-113.68,112.58,-1.10,0.00,17.79,
15.55,-1.07,-113.68,112.58,-1.10,0.00,17.79,
15.58,-1.07,-113.68,112.57,-1.11,0.00,17.79,
15.59,-1.07,-113.68,112.57,-1.11,0.00,17.79,
15.59,-1.07,-113.68,112.57,-1.11,0.00,17.79,
15.61,-1.07,-113.68,112.57,-1.11,0.00,17.79,
15.63,-1.07,-113.68,112.57,-1.11,0.00,17.79,
15.65,-1.07,-113.68,112.57,-1.11,0.00,17.79,
15.67,-1.07,-113.68,112.58,-1.10,0.00,17.79,
15.69,-1.07,-113.68,112.58,-1.10,0.00,17.79,
15.70,-1.07,-113.68,112.58,-1.10,0.00,17.79,
15.72,-1.07,-113.68,112.58,-1.10,0.00,17.79,
15.73,-1.07,-113.68,112.58,-1.10,0.00,17.79,
15.77,-1.07,-113.68,112.58,-1.10,0.00,17.79,
15.81,-1.07,-113.68,112.57,-1.11,0.00,17.79,
15.81,-1.07,-113.68,112.57,-1.11,0.00,17.79,
15.82,-1.07,-113.68,112.57,-1.11,0.00,17.79,
15.82,-1.07,-113.68,112.57,-1.11,0.00,17.79,
15.83,-1.07,-113.68,112.57,-1.11,0.00,17.79,
15.85,-1.07,-113.68,112.57,-1.11,0.00,17.79,
15.87,-1.07,-113.68,112.57,-1.11,0.00,17.79,
15.89,-1.07,-113.68,112.57,-1.11,0.00,17.79,
15.90,-1.07,-113.68,112.57,-1.11,0.00,17.79,
15.91,-1.07,-113.68,112.57,-1.11,0.00,17.79,
15.94,-1.07,-113.68,112.57,-1.11,0.00,17.79,
15.95,-1.07,-113.68,112.57,-1.11,0.00,17.79,
15.97,-1.07,-113.68,112.57,-1.11,0.00,17.79,
15.99,-1.07,-113.68,112.56,-1.12,0.00,17.79,
15.99,-1.07,-113.68,112.56,-1.12,0.00,17.79,
16.01,-1.07,-113.68,112.57,-1.11,0.00,17.79,
16.03,-1.07,-113.68,112.56,-1.12,0.00,17.79,
16.05,-1.07,-113.68,112.56,-1.12,0.00,17.79,
16.07,-1.07,-113.68,112.56,-1.12,0.00,17.79,
16.09,-1.07,-113.68,112.56,-1.12,0.00,17.79,
16.09,-1.07,-113.68,112.56,-1.12,0.00,17.79,
16.11,-1.07,-113.68,112.56,-1.12,0.00,17.79,
16.13,-1.07,-113.68,112.56,-1.12,0.00,17.79,
16.16,-1.07,-113.68,112.56,-1.12,0.00,17.79,
16.17,-1.07,-113.68,112.56,-1.12,0.00,17.79,
16.21,-1.07,-113.68,112.56,-1.12,0.00,17.79,
16.22,-1.07,-113.68,112.56,-1.12,0.00,17.79,
16.25,-1.07,-113.68,112.56,-1.12,0.00,17.79,
16.27,-1.07,-113.68,112.56,-1.12,0.00,17.79,
16.29,-1.07,-113.68,112.56,-1.12,0.00,17.79,
16.30,-1.07,-113.68,112.56,-1.12,0.00,17.79,
16.31,-1.07,-113.68,112.56,-1.12,0.00,17.79,
16.33,-1.07,-113.68,112.56,-1.12,0.00,17.79,
16.35,-1.07,-113.68,112.56,-1.12,0.00,17.79,
16.37,-1.07,-113.68,112.56,-1.12,0.00,17.79,
16.39,-1.07,-113.68,112.56,-1.12,0.00,17.79,
16.39,-1.07,-113.68,112.56,-1.12,0.00,17.79,
16.42,-1.07,-113.68,112.56,-1.12,0.00,17.79,
16.43,-1.07,-113.68,112.56,-1.12,0.00,17.79,
16.45,-1.07,-113.68,112.56,-1.12,0.00,17.79,
16.48,-1.07,-113.68,112.55,-1.13,0.00,17.79,
16.49,-1.07,-113.68,112.55,-1.13,0.00,17.79,
16.50,-1.07,-113.68,112.55,-1.13,0.00,17.79,
16.51,-1.07,-113.68,112.55,-1.13,0.00,17.79,
16.53,-1.07,-113.68,112.55,-1.13,0.00,17.79,
16.55,-1.07,-113.68,112.55,-1.13,0.00,17.79,
16.57,-1.07,-113.68,112.55,-1.13,0.00,17.79,
16.59,-1.07,-113.68,112.55,-1.13,0.00,17.79,
16.59,-1.07,-113.68,112.55,-1.13,0.00,17.79,
16.61,-1.07,-113.68,112.55,-1.13,0.00,17.79,
16.63,-1.07,-113.68,112.54,-1.14,0.00,17.79,
16.65,-1.07,-113.68,112.54,-1.14,0.00,17.79,
16.67,-1.07,-113.68,112.54,-1.14,0.00,17.79,
16.69,-1.07,-113.68,112.54,-1.14,0.00,17.79,
16.69,-1.07,-113.68,112.54,-1.14,0.00,17.79,
16.71,-1.07,-113.68,112.55,-1.13,0.00,17.79,
16.74,-1.07,-113.68,112.54,-1.14,0.00,17.79,
16.75,-1.07,-113.68,112.54,-1.14,0.00,17.79,
16.78,-1.07,-113.68,112.54,-1.14,0.00,17.79,
16.82,-1.07,-113.68,112.54,-1.14,0.00,17.79,
16.83,-1.07,-113.68,112.54,-1.14,0.00,17.79,
16.85,-1.07,-113.68,112.54,-1.14,0.00,17.79,
16.87,-1.07,-113.68,112.54,-1.14,0.00,17.79,
16.89,-1.07,-113.68,112.54,-1.14,0.00,17.79,
16.89,-1.07,-113.68,112.54,-1.14,0.00,17.79,
16.91,-1.07,-113.68,112.54,-1.14,0.00,17.79,
16.94,-1.07,-113.68,112.54,-1.14,0.00,17.79,
16.95,-1.07,-113.68,112.54,-1.14,0.00,17.79,
16.97,-1.07,-113.68,112.54,-1.14,0.00,17.79,
16.99,-1.07,-113.68,112.54,-1.14,0.00,17.79,
16.99,-1.07,-113.68,112.54,-1.14,0.00,17.79,
17.01,-1.07,-113.68,112.54,-1.14,0.00,17.79,
17.03,-1.07,-113.68,112.54,-1.14,0.00,17.79,
17.05,-1.07,-113.68,112.53,-1.15,0.00,17.79,
17.07,-1.07,-113.68,112.53,-1.15,0.00,17.79,
17.09,-1.07,-113.68,112.53,-1.15,0.00,17.79,
17.09,-1.07,-113.68,112.53,-1.15,0.00,17.79,
17.11,-1.07,-113.68,112.53,-1.15,0.00,17.79,
17.13,-1.07,-113.68,112.53,-1.15,0.00,17.79,
17.15,-1.07,-113.68,112.53,-1.14,0.00,17.79,
17.17,-1.07,-113.68,112.53,-1.15,0.00,17.79,
17.19,-1.07,-113.68,112.53,-1.15,0.00,17.79,
17.19,-1.07,-113.68,112.53,-1.15,0.00,17.79,
17.21,-1.07,-113.68,112.53,-1.15,0.00,17.79,
17.24,-1.07,-113.68,112.53,-1.15,0.00,17.79,
17.27,-1.07,-113.68,112.53,-1.15,0.00,17.79,
17.29,-1.07,-113.68,112.53,-1.15,0.00,17.79,
17.30,-1.07,-113.68,112.53,-1.15,0.00,17.79,
17.34,-1.07,-113.68,112.53,-1.15,0.00,17.79,
17.35,-1.07,-113.68,112.53,-1.15,0.00,17.79,
17.38,-1.07,-113.68,112.53,-1.15,0.00,17.79,
17.39,-1.07,-113.68,112.53,-1.15,0.00,17.79,
17.40,-1.07,-113.68,112.52,-1.16,0.00,17.79,
17.44,-1.07,-113.68,112.52,-1.16,0.00,17.79,
17.45,-1.07,-113.68,112.52,-1.16,0.00,17.79,
17.45,-1.07,-113.68,112.52,-1.16,0.00,17.79,
17.47,-1.07,-113.68,112.52,-1.16,0.00,17.79,
17.49,-1.07,-113.68,112.52,-1.16,0.00,17.79,
17.49,-1.07,-113.68,112.52,-1.16,0.00,17.79,
17.51,-1.07,-113.68,112.53,-1.15,0.00,17.79,
17.53,-1.07,-113.68,112.54,-1.14,0.00,17.79,
17.55,-1.07,-113.68,112.53,-1.15,0.00,17.79,
17.57,-1.07,-113.68,112.53,-1.15,0.00,17.79,
17.59,-1.07,-113.68,112.53,-1.15,0.00,17.79,
17.59,-1.07,-113.68,112.53,-1.15,0.00,17.79,
17.61,-1.07,-113.68,112.53,-1.15,0.00,17.79,
17.63,-1.07,-113.68,112.53,-1.15,0.00,17.79,
17.65,-1.07,-113.68,112.53,-1.15,0.00,17.79,
17.67,-1.07,-113.68,112.53,-1.15,0.00,17.79,
17.69,-1.07,-113.68,112.52,-1.16,0.00,17.79,
17.69,-1.07,-113.68,112.52,-1.16,0.00,17.79,
17.71,-1.07,-113.68,112.52,-1.15,0.00,17.79,
17.73,-1.07,-113.68,112.53,-1.15,0.00,17.79,
17.75,-1.07,-113.68,112.52,-1.16,0.00,17.79,
17.77,-1.07,-113.68,112.52,-1.16,0.00,17.79,
17.79,-1.07,-113.68,112.52,-1.16,0.00,17.79,
17.79,-1.07,-113.68,112.52,-1.16,0.00,17.79,
17.81,-1.07,-113.68,112.52,-1.16,0.00,17.79,
17.83,-1.07,-113.68,112.52,-1.16,0.00,17.79,
17.85,-1.07,-113.68,112.52,-1.16,0.00,17.79,
17.87,-1.07,-113.68,112.52,-1.16,0.00,17.79,
17.89,-1.07,-113.68,112.52,-1.16,0.00,17.79,
17.89,-1.07,-113.68,112.52,-1.16,0.00,17.79,
17.91,-1.07,-113.68,112.52,-1.16,0.00,17.79,
17.93,-1.07,-113.68,112.53,-1.15,0.00,17.79,
17.95,-1.07,-113.68,112.52,-1.15,0.00,17.79,
17.97,-1.17,-113.68,112.52,-1.15,0.00,20.95,
17.97,-1.17,-113.68,112.52,-1.16,0.00,20.95,
17.97,-1.17,-113.69,112.52,-1.17,0.00,20.95,
17.99,-1.17,-113.69,112.52,-1.17,0.00,20.95,
18.01,-1.17,-113.69,112.52,-1.17,0.00,20.95,
18.03,-1.17,-113.69,112.52,-1.17,0.00,20.95,
18.05,-1.17,-113.69,112.52,-1.17,0.00,20.95,
18.07,-1.17,-113.69,112.52,-1.17,0.00,20.95,
18.09,-1.17,-113.69,112.51,-1.18,0.00,20.95,
18.09,-1.17,-113.69,112.51,-1.18,0.00,20.95,
18.11,-1.17,-113.69,112.51,-1.18,0.00,20.95,
18.13,-1.17,-113.69,112.51,-1.18,0.00,20.95,
18.15,-1.17,-113.69,112.51,-1.18,0.00,20.95,
18.17,-1.17,-113.69,112.51,-1.18,0.00,20.95,
18.19,-1.17,-113.69,112.51,-1.18,0.00,20.95,
18.19,-1.17,-113.69,112.51,-1.18,0.00,20.95,
18.21,-1.17,-113.69,112.51,-1.18,0.00,20.95,
18.23,-1.17,-113.69,112.51,-1.18,0.00,20.95,
18.25,-1.17,-113.69,112.51,-1.18,0.00,20.95,
18.27,-1.17,-113.69,112.51,-1.18,0.00,20.95,
18.29,-1.17,-113.69,112.51,-1.18,0.00,20.95,
18.29,-1.17,-113.69,112.51,-1.18,0.00,20.95,
18.31,-1.17,-113.69,112.52,-1.18,0.00,20.95,
18.33,-1.17,-113.69,112.52,-1.18,0.00,20.95,
18.35,-1.17,-113.69,112.51,-1.18,0.00,20.95,
18.37,-1.17,-113.69,112.51,-1.18,0.00,20.95,
18.39,-1.17,-113.69,112.51,-1.18,0.00,20.95,
18.39,-1.17,-113.69,112.51,-1.18,0.00,20.95,
18.41,-1.17,-113.69,112.52,-1.18,0.00,20.95,
18.43,-1.17,-113.69,112.52,-1.18,0.00,20.95,
18.45,-1.17,-113.69,112.51,-1.18,0.00,20.95,
18.47,-1.17,-113.69,112.51,-1.18,0.00,20.95,
18.49,-1.17,-113.69,112.51,-1.18,0.00,20.95,
18.49,-1.17,-113.69,112.51,-1.18,0.00,20.95,
18.51,-1.17,-113.69,112.51,-1.18,0.00,20.95,
18.53,-1.17,-113.69,112.52,-1.17,0.00,20.95,
18.55,-1.17,-113.69,112.52,-1.17,0.00,20.95,
18.57,-1.17,-113.69,112.51,-1.18,0.00,20.95,
18.59,-1.17,-113.69,112.51,-1.18,0.00,20.95,
18.59,-1.17,-113.69,112.51,-1.18,0.00,20.95,
18.61,-1.17,-113.69,112.51,-1.18,0.00,20.95,
18.63,-1.17,-113.69,112.51,-1.18,0.00,20.95,
18.65,-1.17,-113.69,112.51,-1.18,0.00,20.95,
18.67,-1.17,-113.69,112.51,-1.18,0.00,20.95,
18.67,-1.17,-113.69,112.51,-1.18,0.00,20.95,
18.69,-1.17,-113.69,112.51,-1.18,0.00,20.95,
18.71,-1.17,-113.69,112.51,-1.18,0.00,20.95,
18.73,-1.17,-113.69,112.51,-1.18,0.00,20.95,
18.75,-1.17,-113.69,112.51,-1.18,0.00,20.95,
18.77,-1.17,-113.69,112.51,-1.18,0.00,20.95,
18.79,-1.17,-113.69,112.51,-1.19,0.00,20.95,
18.79,-1.17,-113.69,112.51,-1.19,0.00,20.95,
18.81,-1.17,-113.69,112.51,-1.19,0.00,20.95,
18.83,-1.17,-113.69,112.51,-1.18,0.00,20.95,
18.85,-1.17,-113.69,112.51,-1.18,0.00,20.95,
18.87,-1.17,-113.69,112.50,-1.19,0.00,20.95,
18.89,-1.17,-113.69,112.50,-1.19,0.00,20.95,
18.89,-1.17,-113.69,112.50,-1.19,0.00,20.95,
18.91,-1.17,-113.69,112.50,-1.19,0.00,20.95,
18.93,-1.17,-113.69,112.50,-1.19,0.00,20.95,
18.95,-1.17,-113.69,112.50,-1.19,0.00,20.95,
18.97,-1.17,-113.69,112.50,-1.19,0.00,20.95,
18.99,-1.17,-113.69,112.50,-1.19,0.00,20.95,
18.99,-1.17,-113.69,112.50,-1.19,0.00,20.95,
19.01,-1.17,-113.69,112.50,-1.19,0.00,20.95,
19.03,-1.17,-113.69,112.50,-1.19,0.00,20.95,
19.05,-1.17,-113.69,112.49,-1.20,0.00,20.95,
19.07,-1.17,-113.69,112.49,-1.20,0.00,20.95,
19.09,-1.17,-113.69,112.49,-1.20,0.00,20.95,
19.09,-1.17,-113.69,112.49,-1.20,0.00,20.95,
19.11,-1.17,-113.69,112.49,-1.20,0.00,20.95,
19.13,-1.17,-113.69,112.49,-1.20,0.00,20.95,
19.15,-1.17,-113.69,112.49,-1.20,0.00,20.95,
19.17,-1.17,-113.69,112.49,-1.20,0.00,20.95,
19.17,-1.17,-113.69,112.49,-1.20,0.00,20.95,
19.19,-1.17,-113.69,112.49,-1.20,0.00,20.95,
19.21,-1.17,-113.69,112.49,-1.20,0.00,20.95,
19.23,-1.17,-113.69,112.49,-1.20,0.00,20.95,
19.25,-1.17,-113.69,112.49,-1.20,0.00,20.95,
19.27,-1.17,-113.69,112.50,-1.20,0.00,20.95,
19.27,-1.17,-113.69,112.50,-1.20,0.00,20.95,
19.29,-1.17,-113.69,112.50,-1.19,0.00,20.95,
19.31,-1.17,-113.69,112.50,-1.20,0.00,20.95,
19.33,-1.17,-113.69,112.50,-1.19,0.00,20.95,
19.35,-1.17,-113.69,112.50,-1.19,0.00,20.95,
19.37,-1.17,-113.69,112.50,-1.19,0.00,20.95,
19.37,-1.17,-113.69,112.50,-1.19,0.00,20.95,
19.39,-1.17,-113.69,112.50,-1.19,0.00,20.95,
19.41,-1.17,-113.69,112.50,-1.20,0.00,20.95,
19.43,-1.17,-113.69,112.50,-1.20,0.00,20.95,
19.45,-1.17,-113.69,112.50,-1.20,0.00,20.95,
19.47,-1.17,-113.69,112.49,-1.20,0.00,20.95,
19.49,-1.17,-113.69,112.49,-1.20,0.00,20.95,
19.49,-1.17,-113.69,112.49,-1.20,0.00,20.95,
19.51,-1.17,-113.69,112.49,-1.20,0.00,20.95,
19.53,-1.17,-113.69,112.49,-1.20,0.00,20.95,
19.55,-1.17,-113.69,112.49,-1.20,0.00,20.95,
19.57,-1.17,-113.69,112.49,-1.20,0.00,20.95,
19.59,-1.17,-113.69,112.49,-1.20,0.00,20.95,
19.59,-1.17,-113.69,112.49,-1.20,0.00,20.95,
19.61,-1.17,-113.69,112.49,-1.20,0.00,20.95,
19.63,-1.17,-113.69,112.49,-1.20,0.00,20.95,
19.65,-1.17,-113.69,112.49,-1.20,0.00,20.95,
19.67,-1.17,-113.69,112.49,-1.20,0.00,20.95,
19.69,-1.17,-113.69,112.49,-1.20,0.00,20.95,
19.69,-1.17,-113.69,112.49,-1.20,0.00,20.95,
19.71,-1.17,-113.69,112.49,-1.20,0.00,20.95,
19.73,-1.17,-113.69,112.49,-1.20,0.00,20.95,
19.75,-1.17,-113.69,112.49,-1.20,0.00,20.95,
19.77,-1.17,-113.69,112.49,-1.20,0.00,20.95,
19.77,-1.17,-113.69,112.49,-1.20,0.00,20.95,
19.79,-1.17,-113.69,112.49,-1.20,0.00,20.95,
19.81,-1.17,-113.69,112.49,-1.21,0.00,20.95,
19.83,-1.17,-113.69,112.49,-1.21,0.00,20.95,
19.85,-1.17,-113.69,112.49,-1.21,0.00,20.95,
19.87,-1.17,-113.69,112.49,-1.21,0.00,20.95,
19.87,-1.17,-113.69,112.49,-1.21,0.00,20.95,
19.89,-1.17,-113.69,112.49,-1.21,0.00,20.95,
19.91,-1.17,-113.69,112.49,-1.20,0.00,20.95,
19.93,-1.17,-113.69,112.49,-1.20,0.00,20.95,
19.95,-1.17,-113.69,112.49,-1.20,0.00,20.95,
19.97,-1.17,-113.69,112.49,-1.20,0.00,20.95,
19.97,-1.17,-113.69,112.49,-1.20,0.00,20.95,
19.99,-1.17,-113.69,112.48,-1.21,0.00,20.95,
20.01,-1.17,-113.69,112.48,-1.21,0.00,20.95,
20.03,-1.17,-113.69,112.48,-1.21,0.00,20.95,
20.05,-1.17,-113.69,112.48,-1.21,0.00,20.95,
20.07,-1.17,-113.69,112.48,-1.21,0.00,20.95,
20.07,-1.17,-113.69,112.48,-1.21,0.00,20.95,
20.09,-1.17,-113.69,112.48,-1.21,0.00,20.95,
20.11,-1.17,-113.69,112.49,-1.20,0.00,20.95,
20.13,-1.17,-113.69,112.49,-1.21,0.00,20.95,
20.15,-1.17,-113.69,112.48,-1.21,0.00,20.95,
20.17,-1.17,-113.69,112.48,-1.21,0.00,20.95,
20.17,-1.17,-113.69,112.48,-1.21,0.00,20.95,
20.19,-1.17,-113.69,112.48,-1.21,0.00,20.95,
20.21,-1.17,-113.69,112.49,-1.21,0.00,20.95,
20.23,-1.17,-113.69,112.49,-1.21,0.00,20.95,
20.25,-1.17,-113.69,112.48,-1.21,0.00,20.95,
20.27,-1.17,-113.69,112.48,-1.21,0.00,20.95,
20.27,-1.17,-113.69,112.48,-1.21,0.00,20.95,
20.29,-1.17,-113.69,112.48,-1.21,0.00,20.95,
20.31,-1.17,-113.69,112.48,-1.21,0.00,20.95,
20.33,-1.17,-113.69,112.48,-1.21,0.00,20.95,
20.35,-1.17,-113.69,112.48,-1.21,0.00,20.95,
20.37,-1.17,-113.69,112.48,-1.22,0.00,20.95,
20.37,-1.17,-113.69,112.48,-1.22,0.00,20.95,
20.39,-1.17,-113.69,112.48,-1.21,0.00,20.95,
20.41,-1.17,-113.69,112.48,-1.21,0.00,20.95,
20.43,-1.17,-113.69,112.48,-1.21,0.00,20.95,
20.45,-1.17,-113.69,112.48,-1.21,0.00,20.95,
20.47,-1.17,-113.69,112.48,-1.21,0.00,20.95,
20.47,-1.17,-113.69,112.48,-1.21,0.00,20.95,
20.49,-1.17,-113.69,112.48,-1.21,0.00,20.95,
20.51,-1.17,-113.69,112.48,-1.21,0.00,20.95,
20.53,-1.17,-113.69,112.48,-1.21,0.00,20.95,
20.55,-1.17,-113.69,112.48,-1.21,0.00,20.95,
20.57,-1.17,-113.69,112.48,-1.21,0.00,20.95,
20.57,-1.17,-113.69,112.48,-1.21,0.00,20.95,
20.59,-1.17,-113.69,112.48,-1.22,0.00,20.95,
20.61,-1.17,-113.69,112.48,-1.21,0.00,20.95,
20.63,-1.17,-113.69,112.48,-1.21,0.00,20.95,
20.65,-1.17,-113.69,112.48,-1.21,0.00,20.95,
20.67,-1.17,-113.69,112.48,-1.21,0.00,20.95,
20.67,-1.17,-113.69,112.48,-1.21,0.00,20.95,
20.69,-1.17,-113.69,112.48,-1.21,0.00,20.95,
20.71,-1.17,-113.69,112.48,-1.21,0.00,20.95,
20.73,-1.17,-113.69,112.48,-1.21,0.00,20.95,
20.75,-1.17,-113.69,112.48,-1.21,0.00,20.95,
20.77,-1.17,-113.69,112.48,-1.21,0.00,20.95,
20.77,-1.17,-113.69,112.48,-1.21,0.00,20.95,
20.79,-1.17,-113.69,112.48,-1.21,0.00,20.95,
20.81,-1.17,-113.69,112.48,-1.21,0.00,20.95,
20.83,-1.17,-113.69,112.48,-1.21,0.00,20.95,
20.86,-1.17,-113.69,112.48,-1.21,0.00,20.95,
20.87,-1.17,-113.69,112.48,-1.21,0.00,20.95,
20.87,-1.17,-113.69,112.48,-1.21,0.00,20.95,
20.89,-1.17,-113.69,112.48,-1.21,0.00,20.95,
20.91,-1.17,-113.69,112.48,-1.21,0.00,20.95,
20.93,-1.17,-113.69,112.48,-1.21,0.00,20.95,
20.95,-1.17,-113.69,112.48,-1.21,0.00,20.95,
20.97,-1.17,-113.69,112.48,-1.21,0.00,20.95,
20.97,-1.17,-113.69,112.48,-1.21,0.00,20.95,
20.99,-1.17,-113.69,112.48,-1.21,0.00,20.95,
21.01,-1.17,-113.69,112.48,-1.21,0.00,20.95,
21.03,-1.17,-113.69,112.49,-1.21,0.00,20.95,
21.05,-1.17,-113.69,112.48,-1.21,0.00,20.95,
21.07,-1.17,-113.69,112.48,-1.21,0.00,20.95,
21.07,-1.17,-113.69,112.48,-1.21,0.00,40.30,
21.07,-1.17,-113.65,112.48,-1.17,0.00,40.30,
21.09,-1.17,-113.65,112.48,-1.17,0.00,40.30,
21.11,-1.17,-113.65,112.48,-1.17,0.00,40.30,
21.13,-1.17,-113.65,112.48,-1.17,0.00,40.30,
21.15,-1.17,-113.65,112.48,-1.17,0.00,40.30,
21.17,-1.17,-113.65,112.47,-1.18,0.00,40.30,
21.17,-1.17,-113.65,112.47,-1.18,0.00,40.30,
21.19,-1.17,-113.65,112.47,-1.17,0.00,40.30,
21.21,-1.17,-113.65,112.48,-1.17,0.00,40.30,
21.23,-1.17,-113.65,112.47,-1.18,0.00,40.30,
21.25,-1.17,-113.65,112.47,-1.18,0.00,40.30,
21.27,-1.17,-113.65,112.47,-1.18,0.00,40.30,
21.27,-1.17,-113.65,112.47,-1.18,0.00,40.30,
21.29,-1.17,-113.65,112.47,-1.18,0.00,40.30,
21.31,-1.17,-113.65,112.47,-1.18,0.00,40.30,
21.33,-1.17,-113.65,112.47,-1.18,0.00,40.30,
21.35,-1.17,-113.65,112.47,-1.18,0.00,40.30,
21.37,-1.17,-113.65,112.47,-1.18,0.00,40.30,
21.37,-1.17,-113.65,112.47,-1.18,0.00,40.30,
21.39,-1.17,-113.65,112.48,-1.17,0.00,40.30,
21.41,-1.17,-113.65,112.48,-1.17,0.00,40.30,
21.43,-1.17,-113.65,112.48,-1.17,0.00,40.30,
21.45,-1.17,-113.65,112.48,-1.17,0.00,40.30,
21.47,-1.17,-113.65,112.47,-1.18,0.00,40.30,
21.47,-1.17,-113.65,112.47,-1.18,0.00,40.30,
21.49,-1.17,-113.65,112.47,-1.17,0.00,40.30,
21.51,-1.17,-113.65,112.48,-1.17,0.00,40.30,
21.53,-1.17,-113.65,112.48,-1.17,0.00,40.30,
21.55,-1.17,-113.65,112.48,-1.17,0.00,40.30,
21.57,-1.17,-113.65,112.48,-1.17,0.00,40.30,
21.57,-1.17,-113.65,112.48,-1.17,0.00,40.30,
21.59,-1.17,-113.65,112.48,-1.17,0.00,40.30,
21.61,-1.17,-113.65,112.48,-1.17,0.00,40.30,
21.63,-1.17,-113.65,112.48,-1.17,0.00,40.30,
21.65,-1.17,-113.65,112.48,-1.17,0.00,40.30,
21.67,-1.17,-113.65,112.48,-1.17,0.00,40.30,
21.67,-1.17,-113.65,112.48,-1.17,0.00,40.30,
21.69,-1.17,-113.65,112.48,-1.17,0.00,40.30,
21.71,-1.17,-113.65,112.48,-1.17,0.00,40.30,
21.73,-1.17,-113.65,112.47,-1.18,0.00,40.30,
21.75,-1.17,-113.65,112.47,-1.18,0.00,40.30,
21.77,-1.17,-113.65,112.47,-1.18,0.00,40.30,
21.77,-1.17,-113.65,112.47,-1.18,0.00,40.30,
21.79,-1.17,-113.65,112.47,-1.18,0.00,40.30,
21.81,-1.17,-113.65,112.47,-1.18,0.00,40.30,
21.83,-1.17,-113.65,112.48,-1.17,0.00,40.30,
21.85,-1.17,-113.65,112.48,-1.17,0.00,40.30,
21.87,-1.17,-113.65,112.48,-1.17,0.00,40.30,
21.87,-1.17,-113.65,112.48,-1.17,0.00,40.30,
21.89,-1.17,-113.65,112.48,-1.17,0.00,40.30,
21.91,-1.17,-113.65,112.48,-1.17,0.00,40.30,
21.93,-1.17,-113.65,112.48,-1.17,0.00,40.30,
21.95,-1.17,-113.65,112.48,-1.17,0.00,40.30,
21.97,-1.17,-113.65,112.48,-1.17,0.00,40.30,
21.97,-1.17,-113.65,112.48,-1.17,0.00,40.30,
21.99,-1.17,-113.65,112.48,-1.17,0.00,40.30,
22.01,-1.17,-113.65,112.48,-1.17,0.00,40.30,
22.03,-1.17,-113.65,112.47,-1.18,0.00,40.30,
22.05,-1.17,-113.65,112.47,-1.18,0.00,40.30,
22.07,-1.17,-113.65,112.47,-1.18,0.00,40.30,
22.07,-1.17,-113.65,112.47,-1.18,0.00,40.30,
22.09,-1.17,-113.65,112.47,-1.18,0.00,40.30,
22.11,-1.17,-113.65,112.47,-1.18,0.00,40.30,
22.13,-1.17,-113.65,112.47,-1.18,0.00,40.30,
22.15,-1.17,-113.65,112.47,-1.18,0.00,40.30,
22.17,-1.17,-113.65,112.47,-1.18,0.00,40.30,
22.17,-1.17,-113.65,112.47,-1.18,0.00,40.30,
22.19,-1.17,-113.65,112.47,-1.18,0.00,40.30,
22.21,-1.17,-113.65,112.47,-1.18,0.00,40.30,
22.23,-1.17,-113.65,112.47,-1.18,0.00,40.30,
22.25,-1.17,-113.65,112.46,-1.19,0.00,40.30,
22.27,-1.17,-113.65,112.46,-1.19,0.00,40.30,
22.27,-1.17,-113.65,112.46,-1.19,0.00,40.30,
22.29,-1.17,-113.65,112.46,-1.19,0.00,40.30,
22.31,-1.17,-113.65,112.46,-1.19,0.00,40.30,
22.33,-1.17,-113.65,112.47,-1.18,0.00,40.30,
22.35,-1.17,-113.65,112.47,-1.18,0.00,40.30,
22.37,-1.17,-113.65,112.47,-1.18,0.00,40.30,
22.37,-1.17,-113.65,112.47,-1.18,0.00,40.30,
22.39,-1.17,-113.65,112.47,-1.18,0.00,40.30,
22.41,-1.17,-113.65,112.47,-1.18,0.00,40.30,
22.43,-1.17,-113.65,112.47,-1.18,0.00,40.30,
22.45,-1.17,-113.65,112.47,-1.18,0.00,40.30,
22.47,-1.17,-113.65,112.47,-1.18,0.00,40.30,
22.47,-1.17,-113.65,112.47,-1.18,0.00,40.30,
22.49,-1.17,-113.65,112.47,-1.18,0.00,40.30,
22.51,-1.17,-113.65,112.47,-1.18,0.00,40.30,
22.53,-1.17,-113.65,112.47,-1.18,0.00,40.30,
22.55,-1.17,-113.65,112.47,-1.18,0.00,40.30,
22.57,-1.17,-113.65,112.46,-1.18,0.00,40.30,
22.57,-1.17,-113.65,112.46,-1.18,0.00,40.30,
22.59,-1.17,-113.65,112.46,-1.18,0.00,40.30,
22.61,-1.17,-113.65,112.47,-1.18,0.00,40.30,
22.63,-1.17,-113.65,112.47,-1.18,0.00,40.30,
22.65,-1.17,-113.65,112.47,-1.18,0.00,40.30,
22.67,-1.17,-113.65,112.47,-1.18,0.00,40.30,
22.67,-1.17,-113.65,112.47,-1.18,0.00,40.30,
22.69,-1.17,-113.65,112.47,-1.18,0.00,40.30,
22.71,-1.17,-113.65,112.47,-1.18,0.00,40.30,
22.73,-1.17,-113.65,112.47,-1.18,0.00,40.30,
22.75,-1.17,-113.65,112.47,-1.18,0.00,40.30,
22.77,-1.17,-113.65,112.47,-1.18,0.00,40.30,
22.77,-1.17,-113.65,112.47,-1.18,0.00,40.30,
22.79,-1.17,-113.65,112.46,-1.19,0.00,40.30,
22.81,-1.17,-113.65,112.46,-1.19,0.00,40.30,
22.83,-1.17,-113.65,112.46,-1.19,0.00,40.30,
22.85,-1.17,-113.65,112.46,-1.19,0.00,40.30,
22.87,-1.17,-113.65,112.45,-1.20,0.00,40.30,
22.87,-1.17,-113.65,112.45,-1.20,0.00,40.30,
22.89,-1.17,-113.65,112.45,-1.20,0.00,40.30,
22.91,-1.17,-113.65,112.45,-1.20,0.00,40.30,
22.93,-1.17,-113.65,112.45,-1.20,0.00,40.30,
22.95,-1.17,-113.65,112.45,-1.20,0.00,40.30,
22.97,-1.17,-113.65,112.45,-1.20,0.00,40.30,
22.97,-1.17,-113.65,112.45,-1.20,0.00,40.30,
22.99,-1.17,-113.65,112.45,-1.19,0.00,40.30,
23.01,-1.17,-113.65,112.46,-1.19,0.00,40.30,
23.03,-1.17,-113.65,112.46,-1.19,0.00,40.30,
23.05,-1.17,-113.65,112.45,-1.20,0.00,40.30,
23.07,-1.17,-113.65,112.45,-1.20,0.00,40.30,
23.07,-1.17,-113.65,112.45,-1.20,0.00,40.30,
23.09,-1.17,-113.65,112.45,-1.20,0.00,40.30,
23.11,-1.17,-113.65,112.45,-1.19,0.00,40.30,
23.13,-1.17,-113.65,112.45,-1.19,0.00,40.30,
23.15,-1.17,-113.65,112.45,-1.20,0.00,40.30,
23.17,-1.17,-113.65,112.45,-1.20,0.00,40.30,
23.17,-1.17,-113.65,112.45,-1.20,0.00,40.30,
23.19,-1.17,-113.65,112.45,-1.20,0.00,40.30,
23.21,-1.17,-113.65,112.45,-1.20,0.00,40.30,
23.23,-1.17,-113.65,112.45,-1.20,0.00,40.30,
23.25,-1.17,-113.65,112.44,-1.21,0.00,40.30,
23.27,-1.17,-113.65,112.44,-1.21,0.00,40.30,
23.27,-1.17,-113.65,112.44,-1.21,0.00,40.30,
23.29,-1.17,-113.65,112.44,-1.21,0.00,40.30,
23.31,-1.17,-113.65,112.45,-1.20,0.00,40.30,
23.33,-1.17,-113.65,112.45,-1.20,0.00,40.30,
23.35,-1.17,-113.65,112.44,-1.20,0.00,40.30,
23.37,-1.17,-113.65,112.44,-1.21,0.00,40.30,
23.37,-1.17,-113.65,112.44,-1.21,0.00,40.30,
23.39,-1.17,-113.65,112.44,-1.21,0.00,40.30,
23.41,-1.17,-113.65,112.44,-1.21,0.00,40.30,
23.43,-1.17,-113.65,112.44,-1.21,0.00,40.30,
23.45,-1.17,-113.65,112.44,-1.20,0.00,40.30,
23.47,-1.17,-113.65,112.45,-1.20,0.00,40.30,
23.47,-1.17,-113.65,112.45,-1.20,0.00,40.30,
23.49,-1.17,-113.65,112.44,-1.20,0.00,40.30,
23.51,-1.17,-113.65,112.45,-1.20,0.00,40.30,
23.53,-1.17,-113.65,112.45,-1.20,0.00,40.30,
23.55,-1.17,-113.65,112.44,-1.21,0.00,40.30,
23.57,-1.17,-113.65,112.44,-1.21,0.00,40.30,
23.57,-1.17,-113.65,112.44,-1.21,0.00,40.30,
23.59,-1.17,-113.65,112.44,-1.21,0.00,40.30,
23.61,-1.17,-113.65,112.45,-1.20,0.00,40.30,
23.63,-1.17,-113.65,112.44,-1.21,0.00,40.30,
23.65,-1.17,-113.65,112.44,-1.21,0.00,40.30,
23.67,-1.17,-113.65,112.44,-1.21,0.00,40.30,
23.67,-1.17,-113.65,112.44,-1.21,0.00,40.30,
23.69,-1.17,-113.65,112.44,-1.21,0.00,40.30,
23.71,-1.17,-113.65,112.45,-1.20,0.00,40.30,
23.73,-1.17,-113.65,112.45,-1.20,0.00,40.30,
23.75,-1.17,-113.65,112.45,-1.20,0.00,40.30,
23.77,-1.17,-113.65,112.45,-1.20,0.00,40.30,
23.77,-1.17,-113.65,112.45,-1.20,0.00,40.30,
23.79,-1.17,-113.65,112.45,-1.20,0.00,40.30,
23.81,-1.17,-113.65,112.45,-1.20,0.00,40.30,
23.83,-1.17,-113.65,112.45,-1.20,0.00,40.30,
23.85,-1.17,-113.65,112.45,-1.20,0.00,40.30,
23.87,-1.17,-113.65,112.45,-1.20,0.00,40.30,
23.87,-1.17,-113.65,112.45,-1.20,0.00,40.30,
23.89,-1.17,-113.65,112.45,-1.20,0.00,40.30,
23.91,-1.17,-113.65,112.45,-1.20,0.00,40.30,
23.93,-1.17,-113.65,112.45,-1.20,0.00,40.30,
23.95,-1.17,-113.65,112.45,-1.20,0.00,40.30,
23.97,-1.17,-113.65,112.45,-1.20,0.00,40.30,
23.97,-1.17,-113.65,112.45,-1.20,0.00,40.30,
23.99,-1.17,-113.65,112.45,-1.20,0.00,40.30,
24.01,-1.17,-113.65,112.45,-1.20,0.00,40.30,
24.03,-1.17,-113.65,112.45,-1.20,0.00,40.30,
24.05,-1.17,-113.65,112.45,-1.20,0.00,40.30,
24.07,-1.17,-113.65,112.44,-1.21,0.00,40.30,
24.07,-1.21,-113.65,112.44,-1.21,0.00,33.88,
24.07,-1.21,-113.66,112.44,-1.22,0.00,33.88,
24.09,-1.21,-113.66,112.44,-1.22,0.00,33.88,
24.11,-1.21,-113.66,112.44,-1.22,0.00,33.88,
24.13,-1.21,-113.66,112.44,-1.22,0.00,33.88,
24.15,-1.21,-113.66,112.44,-1.22,0.00,33.88,
24.17,-1.21,-113.66,112.44,-1.22,0.00,33.88,
24.17,-1.21,-113.66,112.44,-1.22,0.00,33.88,
24.19,-1.21,-113.66,112.44,-1.22,0.00,33.88,
24.21,-1.21,-113.66,112.44,-1.22,0.00,33.88,
24.23,-1.21,-113.66,112.44,-1.22,0.00,33.88,
24.25,-1.21,-113.66,112.44,-1.22,0.00,33.88,
24.27,-1.21,-113.66,112.44,-1.22,0.00,33.88,
24.27,-1.21,-113.66,112.44,-1.22,0.00,33.88,
24.29,-1.21,-113.66,112.44,-1.22,0.00,33.88,
24.31,-1.21,-113.66,112.44,-1.22,0.00,33.88,
24.33,-1.21,-113.66,112.44,-1.22,0.00,33.88,
24.35,-1.21,-113.66,112.44,-1.22,0.00,33.88,
24.37,-1.21,-113.66,112.44,-1.22,0.00,33.88,
24.37,-1.21,-113.66,112.44,-1.22,0.00,33.88,
24.39,-1.21,-113.66,112.44,-1.22,0.00,33.88,
24.41,-1.21,-113.66,112.44,-1.22,0.00,33.88,
24.43,-1.21,-113.66,112.44,-1.22,0.00,33.88,
24.45,-1.21,-113.66,112.44,-1.22,0.00,33.88,
24.47,-1.21,-113.66,112.44,-1.22,0.00,33.88,
24.47,-1.21,-113.66,112.44,-1.22,0.00,33.88,
24.49,-1.21,-113.66,112.44,-1.22,0.00,33.88,
24.51,-1.21,-113.66,112.44,-1.22,0.00,33.88,
24.53,-1.21,-113.66,112.44,-1.21,0.00,33.88,
24.55,-1.21,-113.66,112.44,-1.21,0.00,33.88,
24.57,-1.21,-113.66,112.44,-1.22,0.00,33.88,
24.57,-1.21,-113.66,112.44,-1.22,0.00,33.88,
24.59,-1.21,-113.66,112.44,-1.22,0.00,33.88,
24.61,-1.21,-113.66,112.44,-1.22,0.00,33.88,
24.63,-1.21,-113.66,112.44,-1.21,0.00,33.88,
24.65,-1.21,-113.66,112.44,-1.21,0.00,33.88,
24.67,-1.21,-113.66,112.44,-1.22,0.00,33.88,
24.67,-1.21,-113.66,112.44,-1.22,0.00,33.88,
24.69,-1.21,-113.66,112.44,-1.22,0.00,33.88,
24.71,-1.21,-113.66,112.44,-1.22,0.00,33.88,
24.73,-1.21,-113.66,112.44,-1.21,0.00,33.88,
24.75,-1.21,-113.66,112.44,-1.22,0.00,33.88,
24.77,-1.21,-113.66,112.44,-1.21,0.00,33.88,
24.77,-1.21,-113.66,112.44,-1.21,0.00,33.88,
24.79,-1.21,-113.66,112.44,-1.21,0.00,33.88,
24.81,-1.21,-113.66,112.45,-1.21,0.00,33.88,
24.83,-1.21,-113.66,112.45,-1.21,0.00,33.88,
24.85,-1.21,-113.66,112.45,-1.21,0.00,33.88,
24.87,-1.21,-113.66,112.44,-1.21,0.00,33.88,
24.87,-1.21,-113.66,112.44,-1.21,0.00,33.88,
24.89,-1.21,-113.66,112.45,-1.21,0.00,33.88,
24.91,-1.21,-113.66,112.45,-1.21,0.00,33.88,
24.93,-1.21,-113.66,112.45,-1.21,0.00,33.88,
24.95,-1.21,-113.66,112.45,-1.21,0.00,33.88,
24.97,-1.21,-113.66,112.44,-1.21,0.00,33.88,
24.97,-1.21,-113.66,112.44,-1.21,0.00,33.88,
24.99,-1.21,-113.66,112.44,-1.21,0.00,33.88,
25.01,-1.21,-113.66,112.45,-1.21,0.00,33.88,
25.03,-1.21,-113.66,112.45,-1.21,0.00,33.88,
25.05,-1.21,-113.66,112.45,-1.21,0.00,33.88,
25.07,-1.21,-113.66,112.45,-1.21,0.00,33.88,
25.07,-1.21,-113.66,112.45,-1.21,0.00,33.88,
25.09,-1.21,-113.66,112.45,-1.21,0.00,33.88,
25.11,-1.21,-113.66,112.45,-1.21,0.00,33.88,
25.13,-1.21,-113.66,112.45,-1.20,0.00,33.88,
25.15,-1.21,-113.66,112.45,-1.20,0.00,33.88,
25.17,-1.21,-113.66,112.45,-1.20,0.00,33.88,
25.17,-1.21,-113.66,112.45,-1.20,0.00,33.88,
25.19,-1.21,-113.66,112.45,-1.20,0.00,33.88,
25.21,-1.21,-113.66,112.46,-1.20,0.00,33.88,
25.23,-1.21,-113.66,112.46,-1.20,0.00,33.88,
25.25,-1.21,-113.66,112.45,-1.20,0.00,33.88,
25.27,-1.21,-113.66,112.45,-1.21,0.00,33.88,
25.27,-1.21,-113.66,112.45,-1.21,0.00,33.88,
25.29,-1.21,-113.66,112.45,-1.21,0.00,33.88,
25.31,-1.21,-113.66,112.45,-1.21,0.00,33.88,
25.33,-1.21,-113.66,112.45,-1.20,0.00,33.88,
25.35,-1.21,-113.66,112.45,-1.21,0.00,33.88,
25.37,-1.21,-113.66,112.45,-1.21,0.00,33.88,
25.37,-1.21,-113.66,112.45,-1.21,0.00,33.88,
25.39,-1.21,-113.66,112.45,-1.21,0.00,33.88,
25.41,-1.21,-113.66,112.45,-1.21,0.00,33.88,
25.43,-1.21,-113.66,112.45,-1.21,0.00,33.88,
25.45,-1.21,-113.66,112.45,-1.21,0.00,33.88,
25.47,-1.21,-113.66,112.45,-1.21,0.00,33.88,
25.47,-1.21,-113.66,112.45,-1.21,0.00,33.88,
25.49,-1.21,-113.66,112.45,-1.21,0.00,33.88,
25.51,-1.21,-113.66,112.45,-1.20,0.00,33.88,
25.53,-1.21,-113.66,112.45,-1.20,0.00,33.88,
25.55,-1.21,-113.66,112.45,-1.21,0.00,33.88,
25.57,-1.21,-113.66,112.44,-1.21,0.00,33.88,
25.58,-1.21,-113.66,112.44,-1.21,0.00,33.88,
25.59,-1.21,-113.66,112.44,-1.21,0.00,33.88,
25.61,-1.21,-113.66,112.45,-1.21,0.00,33.88,
25.63,-1.21,-113.66,112.45,-1.21,0.00,33.88,
25.65,-1.21,-113.66,112.44,-1.21,0.00,33.88,
25.67,-1.21,-113.66,112.44,-1.21,0.00,33.88,
25.67,-1.21,-113.66,112.44,-1.21,0.00,33.88,
25.69,-1.21,-113.66,112.45,-1.21,0.00,33.88,
25.71,-1.21,-113.66,112.45,-1.21,0.00,33.88,
25.73,-1.21,-113.66,112.45,-1.21,0.00,33.88,
25.75,-1.21,-113.66,112.44,-1.21,0.00,33.88,
25.77,-1.21,-113.66,112.44,-1.21,0.00,33.88,
25.77,-1.21,-113.66,112.44,-1.21,0.00,33.88,
25.79,-1.21,-113.66,112.44,-1.22,0.00,33.88,
25.81,-1.21,-113.66,112.44,-1.22,0.00,33.88,
25.83,-1.21,-113.66,112.44,-1.22,0.00,33.88,
25.85,-1.21,-113.66,112.44,-1.22,0.00,33.88,
25.87,-1.21,-113.66,112.43,-1.22,0.00,33.88,
25.87,-1.21,-113.66,112.43,-1.22,0.00,33.88,
25.89,-1.21,-113.66,112.44,-1.22,0.00,33.88,
25.91,-1.21,-113.66,112.44,-1.22,0.00,33.88,
25.93,-1.21,-113.66,112.44,-1.22,0.00,33.88,
25.95,-1.21,-113.66,112.43,-1.22,0.00,33.88,
25.97,-1.21,-113.66,112.43,-1.22,0.00,33.88,
25.97,-1.21,-113.66,112.43,-1.22,0.00,33.88,
25.99,-1.21,-113.66,112.43,-1.22,0.00,33.88,
26.01,-1.21,-113.66,112.43,-1.22,0.00,33.88,
26.03,-1.21,-113.66,112.43,-1.22,0.00,33.88,
26.05,-1.21,-113.66,112.43,-1.23,0.00,33.88,
26.07,-1.21,-113.66,112.43,-1.23,0.00,33.88,
26.07,-1.21,-113.66,112.43,-1.23,0.00,33.88,
26.09,-1.21,-113.66,112.43,-1.23,0.00,33.88,
26.11,-1.21,-113.66,112.43,-1.23,0.00,33.88,
26.13,-1.21,-113.66,112.43,-1.23,0.00,33.88,
26.15,-1.21,-113.66,112.42,-1.23,0.00,33.88,
26.17,-1.21,-113.66,112.43,-1.23,0.00,33.88,
26.17,-1.21,-113.66,112.43,-1.23,0.00,33.88,
26.19,-1.21,-113.66,112.43,-1.23,0.00,33.88,
26.21,-1.21,-113.66,112.43,-1.23,0.00,33.88,
26.23,-1.21,-113.66,112.43,-1.23,0.00,33.88,
26.25,-1.21,-113.66,112.43,-1.23,0.00,33.88,
26.27,-1.21,-113.66,112.42,-1.23,0.00,33.88,
26.27,-1.21,-113.66,112.42,-1.23,0.00,33.88,
26.29,-1.21,-113.66,112.42,-1.23,0.00,33.88,
26.31,-1.21,-113.66,112.43,-1.23,0.00,33.88,
26.33,-1.21,-113.66,112.43,-1.23,0.00,33.88,
26.35,-1.21,-113.66,112.43,-1.23,0.00,33.88,
26.37,-1.21,-113.66,112.42,-1.23,0.00,33.88,
26.37,-1.21,-113.66,112.42,-1.23,0.00,33.88,
26.39,-1.21,-113.66,112.42,-1.23,0.00,33.88,
26.41,-1.21,-113.66,112.42,-1.23,0.00,33.88,
26.43,-1.21,-113.66,112.42,-1.23,0.00,33.88,
26.45,-1.21,-113.66,112.42,-1.24,0.00,33.88,
26.47,-1.21,-113.66,112.42,-1.24,0.00,33.88,
26.47,-1.21,-113.66,112.42,-1.24,0.00,33.88,
26.49,-1.21,-113.66,112.42,-1.24,0.00,33.88,
26.51,-1.21,-113.66,112.42,-1.24,0.00,33.88,
26.53,-1.21,-113.66,112.42,-1.24,0.00,33.88,
26.55,-1.21,-113.66,112.42,-1.24,0.00,33.88,
26.57,-1.21,-113.66,112.41,-1.24,0.00,33.88,
26.57,-1.21,-113.66,112.41,-1.24,0.00,33.88,
26.59,-1.21,-113.66,112.41,-1.24,0.00,33.88,
26.61,-1.21,-113.66,112.41,-1.24,0.00,33.88,
26.63,-1.21,-113.66,112.42,-1.24,0.00,33.88,
26.65,-1.21,-113.66,112.41,-1.24,0.00,33.88,
26.67,-1.21,-113.66,112.41,-1.24,0.00,33.88,
26.67,-1.21,-113.66,112.41,-1.24,0.00,33.88,
26.69,-1.21,-113.66,112.42,-1.24,0.00,33.88,
26.71,-1.21,-113.66,112.42,-1.24,0.00,33.88,
26.73,-1.21,-113.66,112.42,-1.24,0.00,33.88,
26.75,-1.21,-113.66,112.42,-1.24,0.00,33.88,
26.77,-1.21,-113.66,112.42,-1.24,0.00,33.88,
26.77,-1.21,-113.66,112.42,-1.24,0.00,33.88,
26.79,-1.21,-113.66,112.42,-1.24,0.00,33.88,
26.81,-1.21,-113.66,112.42,-1.23,0.00,33.88,
26.83,-1.21,-113.66,112.42,-1.23,0.00,33.88,
26.85,-1.21,-113.66,112.42,-1.24,0.00,33.88,
26.87,-1.21,-113.66,112.42,-1.24,0.00,33.88,
26.87,-1.21,-113.66,112.42,-1.24,0.00,33.88,
26.89,-1.21,-113.66,112.42,-1.24,0.00,33.88,
26.91,-1.21,-113.66,112.42,-1.23,0.00,33.88,
26.93,-1.21,-113.66,112.42,-1.23,0.00,33.88,
26.95,-1.21,-113.66,112.42,-1.24,0.00,33.88,
26.97,-1.21,-113.66,112.42,-1.24,0.00,33.88,
26.97,-1.21,-113.66,112.42,-1.24,0.00,33.88,
26.99,-1.21,-113.66,112.42,-1.24,0.00,33.88,
27.01,-1.21,-113.66,112.42,-1.24,0.00,33.88,
27.03,-1.21,-113.66,112.42,-1.24,0.00,33.88,
27.05,-1.21,-113.66,112.42,-1.24,0.00,33.88,
27.07,-1.21,-113.66,112.42,-1.24,0.00,33.88,
27.07,-1.21,-113.66,112.42,-1.24,0.00,33.88,
27.09,-1.21,-113.66,112.42,-1.24,0.00,33.88,
27.11,-1.21,-113.66,112.42,-1.23,0.00,33.88,
27.13,-1.21,-113.66,112.42,-1.23,0.00,33.88,
27.15,-1.21,-113.66,112.42,-1.24,0.00,33.88,
27.17,-1.21,-113.66,112.42,-1.24,0.00,33.88,
27.17,-1.21,-113.66,112.42,-1.24,0.00,33.88,
27.19,-1.21,-113.66,112.42,-1.24,0.00,33.88,
27.21,-1.21,-113.66,112.42,-1.24,0.00,33.88,
27.23,-1.21,-113.66,112.41,-1.24,0.00,33.88,
27.25,-1.21,-113.66,112.41,-1.24,0.00,33.88,
27.27,-1.21,-113.66,112.41,-1.25,0.00,33.88,
27.27,-1.21,-113.66,112.41,-1.25,0.00,33.88,
27.29,-1.21,-113.66,112.41,-1.25,0.00,33.88,
27.31,-1.21,-113.66,112.41,-1.25,0.00,33.88,
27.33,-1.21,-113.66,112.41,-1.25,0.00,33.88,
27.35,-1.21,-113.66,112.40,-1.25,0.00,33.88,
27.37,-1.21,-113.66,112.40,-1.25,0.00,33.88,
27.37,-0.99,-113.66,112.40,-1.25,0.00,32.58,
27.37,-0.99,-113.39,112.40,-0.99,0.00,32.58,
27.39,-0.99,-113.39,112.40,-0.99,0.00,32.58,
27.41,-0.99,-113.39,112.40,-0.98,0.00,32.58,
27.43,-0.99,-113.39,112.40,-0.99,0.00,32.58,
27.45,-0.99,-113.39,112.40,-0.99,0.00,32.58,
27.47,-0.99,-113.39,112.40,-0.99,0.00,32.58,
27.47,-0.99,-113.39,112.40,-0.99,0.00,32.58,
27.49,-0.99,-113.39,112.40,-0.99,0.00,32.58,
27.51,-0.99,-113.39,112.40,-0.99,0.00,32.58,
27.53,-0.99,-113.39,112.40,-0.99,0.00,32.58,
27.55,-0.99,-113.39,112.40,-0.99,0.00,32.58,
27.57,-0.99,-113.39,112.40,-0.99,0.00,32.58,
27.57,-0.99,-113.39,112.40,-0.99,0.00,32.58,
27.59,-0.99,-113.39,112.40,-0.99,0.00,32.58,
27.61,-0.99,-113.39,112.40,-0.99,0.00,32.58,
27.63,-0.99,-113.39,112.40,-0.99,0.00,32.58,
27.65,-0.99,-113.39,112.40,-0.99,0.00,32.58,
27.67,-0.99,-113.39,112.40,-0.99,0.00,32.58,
27.67,-0.99,-113.39,112.40,-0.99,0.00,32.58,
27.69,-0.99,-113.39,112.40,-0.99,0.00,32.58,
27.71,-0.99,-113.39,112.40,-0.99,0.00,32.58,
27.73,-0.99,-113.39,112.40,-0.99,0.00,32.58,
27.75,-0.99,-113.39,112.40,-0.99,0.00,32.58,
27.77,-0.99,-113.39,112.40,-0.99,0.00,32.58,
27.77,-0.99,-113.39,112.40,-0.99,0.00,32.58,
27.79,-0.99,-113.39,112.40,-0.99,0.00,32.58,
27.81,-0.99,-113.39,112.40,-0.99,0.00,32.58,
27.83,-0.99,-113.39,112.40,-0.99,0.00,32.58,
27.85,-0.99,-113.39,112.40,-0.99,0.00,32.58,
27.87,-0.99,-113.39,112.39,-1.00,0.00,32.58,
27.87,-0.99,-113.39,112.39,-1.00,0.00,32.58,
27.89,-0.99,-113.39,112.39,-0.99,0.00,32.58,
27.91,-0.99,-113.39,112.40,-0.99,0.00,32.58,
27.93,-0.99,-113.39,112.40,-0.99,0.00,32.58,
27.95,-0.99,-113.39,112.40,-0.99,0.00,32.58,
27.97,-0.99,-113.39,112.40,-0.99,0.00,32.58,
27.97,-0.99,-113.39,112.40,-0.99,0.00,32.58,
27.99,-0.99,-113.39,112.40,-0.99,0.00,32.58,
28.01,-0.99,-113.39,112.40,-0.99,0.00,32.58,
28.03,-0.99,-113.39,112.40,-0.99,0.00,32.58,
28.05,-0.99,-113.39,112.40,-0.99,0.00,32.58,
28.07,-0.99,-113.39,112.40,-0.99,0.00,32.58,
28.07,-0.99,-113.39,112.40,-0.99,0.00,32.58,
28.09,-0.99,-113.39,112.40,-0.99,0.00,32.58,
28.11,-0.99,-113.39,112.40,-0.99,0.00,32.58,
28.13,-0.99,-113.39,112.40,-0.99,0.00,32.58,
28.15,-0.99,-113.39,112.40,-0.99,0.00,32.58,
28.17,-0.99,-113.39,112.40,-0.99,0.00,32.58,
28.17,-0.99,-113.39,112.40,-0.99,0.00,32.58,
28.19,-0.99,-113.39,112.40,-0.99,0.00,32.58,
28.21,-0.99,-113.39,112.40,-0.99,0.00,32.58,
28.23,-0.99,-113.39,112.40,-0.99,0.00,32.58,
28.25,-0.99,-113.39,112.40,-0.99,0.00,32.58,
28.27,-0.99,-113.39,112.40,-0.99,0.00,32.58,
28.27,-0.99,-113.39,112.40,-0.99,0.00,32.58,
28.29,-0.99,-113.39,112.40,-0.99,0.00,32.58,
28.31,-0.99,-113.39,112.40,-0.99,0.00,32.58,
28.33,-0.99,-113.39,112.40,-0.99,0.00,32.58,
28.35,-0.99,-113.39,112.39,-0.99,0.00,32.58,
28.37,-0.99,-113.39,112.39,-1.00,0.00,32.58,
28.37,-0.99,-113.39,112.39,-1.00,0.00,32.58,
28.39,-0.99,-113.39,112.39,-0.99,0.00,32.58,
28.41,-0.99,-113.39,112.40,-0.99,0.00,32.58,
28.43,-0.99,-113.39,112.40,-0.99,0.00,32.58,
28.45,-0.99,-113.39,112.39,-0.99,0.00,32.58,
28.47,-0.99,-113.39,112.39,-0.99,0.00,32.58,
28.47,-0.99,-113.39,112.39,-0.99,0.00,32.58,
28.49,-0.99,-113.39,112.39,-1.00,0.00,32.58,
28.51,-0.99,-113.39,112.39,-1.00,0.00,32.58,
28.53,-0.99,-113.39,112.39,-1.00,0.00,32.58,
28.55,-0.99,-113.39,112.39,-0.99,0.00,32.58,
28.57,-0.99,-113.39,112.39,-0.99,0.00,32.58,
28.57,-0.99,-113.39,112.39,-0.99,0.00,32.58,
28.59,-0.99,-113.39,112.39,-1.00,0.00,32.58,
28.61,-0.99,-113.39,112.39,-1.00,0.00,32.58,
28.63,-0.99,-113.39,112.39,-1.00,0.00,32.58,
28.65,-0.99,-113.39,112.39,-1.00,0.00,32.58,
28.67,-0.99,-113.39,112.39,-1.00,0.00,32.58,
28.67,-0.99,-113.39,112.39,-1.00,0.00,32.58,
28.69,-0.99,-113.39,112.39,-1.00,0.00,32.58,
28.71,-0.99,-113.39,112.39,-1.00,0.00,32.58,
28.73,-0.99,-113.39,112.39,-1.00,0.00,32.58,
28.75,-0.99,-113.39,112.39,-1.00,0.00,32.58,
28.77,-0.99,-113.39,112.38,-1.01,0.00,32.58,
28.77,-0.99,-113.39,112.38,-1.01,0.00,32.58,
28.79,-0.99,-113.39,112.39,-1.00,0.00,32.58,
28.81,-0.99,-113.39,112.39,-1.00,0.00,32.58,
28.83,-0.99,-113.39,112.38,-1.01,0.00,32.58,
28.85,-0.99,-113.39,112.38,-1.01,0.00,32.58,
28.87,-0.99,-113.39,112.38,-1.01,0.00,32.58,
28.87,-0.99,-113.39,112.38,-1.01,0.00,32.58,
28.89,-0.99,-113.39,112.38,-1.01,0.00,32.58,
28.91,-0.99,-113.39,112.38,-1.01,0.00,32.58,
28.93,-0.99,-113.39,112.38,-1.01,0.00,32.58,
28.95,-0.99,-113.39,112.38,-1.01,0.00,32.58,
28.97,-0.99,-113.39,112.38,-1.01,0.00,32.58,
28.97,-0.99,-113.39,112.38,-1.01,0.00,32.58,
28.99,-0.99,-113.39,112.38,-1.01,0.00,32.58,
29.01,-0.99,-113.39,112.38,-1.01,0.00,32.58,
29.03,-0.99,-113.39,112.38,-1.01,0.00,32.58,
29.05,-0.99,-113.39,112.38,-1.01,0.00,32.58,
29.07,-0.99,-113.39,112.38,-1.01,0.00,32.58,
29.07,-0.99,-113.39,112.38,-1.01,0.00,32.58,
29.09,-0.99,-113.39,112.38,-1.01,0.00,32.58,
29.11,-0.99,-113.39,112.38,-1.01,0.00,32.58,
29.13,-0.99,-113.39,112.38,-1.01,0.00,32.58,
29.15,-0.99,-113.39,112.38,-1.01,0.00,32.58,
29.17,-0.99,-113.39,112.38,-1.01,0.00,32.58,
29.17,-0.99,-113.39,112.38,-1.01,0.00,32.58,
29.19,-0.99,-113.39,112.38,-1.01,0.00,32.58,
29.21,-0.99,-113.39,112.38,-1.01,0.00,32.58,
29.23,-0.99,-113.39,112.38,-1.01,0.00,32.58,
29.25,-0.99,-113.39,112.38,-1.01,0.00,32.58,
29.27,-0.99,-113.39,112.38,-1.01,0.00,32.58,
29.27,-0.99,-113.39,112.38,-1.01,0.00,32.58,
29.29,-0.99,-113.39,112.38,-1.01,0.00,32.58,
29.31,-0.99,-113.39,112.38,-1.01,0.00,32.58,
29.33,-0.99,-113.39,112.38,-1.01,0.00,32.58,
29.35,-0.99,-113.39,112.38,-1.01,0.00,32.58,
29.37,-0.99,-113.39,112.37,-1.02,0.00,32.58,
29.37,-0.99,-113.39,112.37,-1.02,0.00,32.58,
29.39,-0.99,-113.39,112.37,-1.02,0.00,32.58,
29.41,-0.99,-113.39,112.37,-1.02,0.00,32.58,
29.43,-0.99,-113.39,112.37,-1.02,0.00,32.58,
29.45,-0.99,-113.39,112.37,-1.02,0.00,32.58,
29.47,-0.99,-113.39,112.37,-1.02,0.00,32.58,
29.47,-0.99,-113.39,112.37,-1.02,0.00,32.58,
29.49,-0.99,-113.39,112.37,-1.02,0.00,32.58,
29.51,-0.99,-113.39,112.37,-1.02,0.00,32.58,
29.53,-0.99,-113.39,112.37,-1.02,0.00,32.58,
29.55,-0.99,-113.39,112.37,-1.02,0.00,32.58,
29.57,-0.99,-113.39,112.36,-1.02,0.00,32.58,
29.57,-0.99,-113.39,112.36,-1.02,0.00,32.58,
29.59,-0.99,-113.39,112.36,-1.03,0.00,32.58,
29.61,-0.99,-113.39,112.37,-1.02,0.00,32.58,
29.63,-0.99,-113.39,112.37,-1.02,0.00,32.58,
29.65,-0.99,-113.39,112.37,-1.02,0.00,32.58,
29.67,-0.99,-113.39,112.36,-1.02,0.00,32.58,
29.67,-0.99,-113.39,112.36,-1.02,0.00,32.58,
29.69,-0.99,-113.39,112.37,-1.02,0.00,32.58,
29.71,-0.99,-113.39,112.37,-1.02,0.00,32.58,
29.73,-0.99,-113.39,112.37,-1.02,0.00,32.58,
29.75,-0.99,-113.39,112.37,-1.02,0.00,32.58,
29.77,-0.99,-113.39,112.37,-1.02,0.00,32.58,
29.77,-0.99,-113.39,112.37,-1.02,0.00,32.58,
29.79,-0.99,-113.39,112.37,-1.02,0.00,32.58,
29.81,-0.99,-113.39,112.37,-1.02,0.00,32.58,
29.83,-0.99,-113.39,112.37,-1.02,0.00,32.58,
29.85,-0.99,-113.39,112.37,-1.02,0.00,32.58,
29.87,-0.99,-113.39,112.37,-1.02,0.00,32.58,
29.87,-0.99,-113.39,112.37,-1.02,0.00,32.58,
29.89,-0.99,-113.39,112.37,-1.02,0.00,32.58,
29.91,-0.99,-113.39,112.37,-1.02,0.00,32.58,
29.93,-0.99,-113.39,112.37,-1.02,0.00,32.58,
29.95,-0.99,-113.39,112.36,-1.03,0.00,32.58,
29.97,-0.99,-113.39,112.36,-1.03,0.00,32.58,
29.97,-0.99,-113.39,112.36,-1.03,0.00,32.58,
29.99,-0.99,-113.39,112.36,-1.02,0.00,32.58,
30.01,-0.99,-113.39,112.36,-1.02,0.00,32.58,
30.03,-0.99,-113.39,112.36,-1.03,0.00,32.58,
30.05,-0.99,-113.39,112.36,-1.03,0.00,32.58,
30.07,-0.99,-113.39,112.36,-1.02,0.00,32.58,
30.07,-0.99,-113.39,112.36,-1.02,0.00,32.58,
30.09,-0.99,-113.39,112.36,-1.03,0.00,32.58,
30.11,-0.99,-113.39,112.36,-1.03,0.00,32.58,
30.13,-0.99,-113.39,112.36,-1.03,0.00,32.58,
30.15,-0.99,-113.39,112.36,-1.03,0.00,32.58,
30.17,-0.99,-113.39,112.36,-1.03,0.00,32.58,
30.17,-0.99,-113.39,112.36,-1.03,0.00,32.58,
30.19,-0.99,-113.39,112.36,-1.03,0.00,32.58,
30.21,-0.99,-113.39,112.36,-1.03,0.00,32.58,
30.23,-0.99,-113.39,112.36,-1.03,0.00,32.58,
30.25,-0.99,-113.39,112.36,-1.03,0.00,32.58,
30.27,-0.99,-113.39,112.36,-1.03,0.00,32.58,
30.27,-0.99,-113.39,112.36,-1.03,0.00,32.58,
30.29,-0.99,-113.39,112.36,-1.03,0.00,32.58,
30.31,-0.99,-113.39,112.36,-1.03,0.00,32.58,
30.33,-0.99,-113.39,112.36,-1.03,0.00,32.58,
30.35,-0.99,-113.39,112.36,-1.03,0.00,32.58,
30.37,-0.99,-113.39,112.36,-1.03,0.00,32.58,
30.37,-0.99,-113.39,112.36,-1.03,0.00,32.58,
30.39,-0.99,-113.39,112.36,-1.03,0.00,32.58,
30.41,-0.99,-113.39,112.36,-1.03,0.00,32.58,
30.43,-0.99,-113.39,112.36,-1.03,0.00,32.58,
30.45,-0.99,-113.39,112.36,-1.03,0.00,32.58,
30.47,-0.99,-113.39,112.36,-1.03,0.00,32.58,
30.47,-0.99,-113.39,112.36,-1.03,0.00,32.58,
30.49,-0.99,-113.39,112.36,-1.03,0.00,32.58,
30.51,-0.99,-113.39,112.36,-1.03,0.00,32.58,
30.53,-0.99,-113.39,112.36,-1.03,0.00,32.58,
30.55,-0.99,-113.39,112.36,-1.03,0.00,32.58,
30.57,-0.99,-113.39,112.36,-1.03,0.00,32.58,
30.57,-0.99,-113.39,112.36,-1.03,0.00,32.58,
30.59,-0.99,-113.39,112.37,-1.02,0.00,32.58,
30.61,-0.99,-113.39,112.37,-1.02,0.00,32.58,
30.63,-0.99,-113.39,112.37,-1.01,0.00,32.58,
30.65,-0.99,-113.39,112.37,-1.02,0.00,32.58,
30.67,-0.99,-113.39,112.37,-1.02,0.00,32.58,
30.67,-0.99,-113.39,112.37,-1.02,0.00,32.58,
30.69,-0.99,-113.39,112.37,-1.02,0.00,32.58,
30.71,-0.99,-113.39,112.37,-1.02,0.00,32.58,
30.73,-0.99,-113.39,112.37,-1.02,0.00,32.58,
30.75,-0.99,-113.39,112.37,-1.02,0.00,32.58,
30.77,-0.99,-113.39,112.37,-1.02,0.00,32.58,
30.77,-0.99,-113.39,112.37,-1.02,0.00,32.58,
30.79,-0.99,-113.39,112.37,-1.02,0.00,32.58,
30.81,-0.99,-113.39,112.36,-1.02,0.00,32.58,
30.83,-0.99,-113.39,112.36,-1.03,0.00,32.58,
30.85,-0.99,-113.39,112.36,-1.03,0.00,32.58,
30.87,-0.99,-113.39,112.36,-1.03,0.00,32.58,
30.87,-0.99,-113.39,112.36,-1.03,0.00,32.58,
30.89,-0.99,-113.39,112.36,-1.03,0.00,32.58,
30.91,-0.99,-113.39,112.36,-1.03,0.00,32.58,
30.93,-0.99,-113.39,112.36,-1.03,0.00,32.58,
30.95,-0.99,-113.39,112.36,-1.03,0.00,32.58,
30.97,-0.99,-113.39,112.36,-1.03,0.00,32.58,
30.97,-0.99,-113.39,112.36,-1.03,0.00,32.58,
30.99,-0.99,-113.39,112.36,-1.03,0.00,32.58,
31.01,-0.99,-113.39,112.36,-1.03,0.00,32.58,
31.03,-0.99,-113.39,112.36,-1.03,0.00,32.58,
31.05,-0.99,-113.39,112.36,-1.03,0.00,32.58,
31.07,-0.99,-113.39,112.36,-1.03,0.00,32.58,
31.07,-0.99,-113.39,112.36,-1.03,0.00,32.58,
31.09,-0.99,-113.39,112.36,-1.03,0.00,32.58,
31.11,-0.99,-113.39,112.36,-1.03,0.00,32.58,
31.13,-0.99,-113.39,112.36,-1.03,0.00,32.58,
31.15,-0.99,-113.39,112.35,-1.04,0.00,32.58,
31.17,-0.99,-113.39,112.35,-1.04,0.00,32.58,
31.17,-0.99,-113.39,112.35,-1.04,0.00,32.58,
31.19,-0.99,-113.39,112.35,-1.04,0.00,32.58,
31.21,-0.99,-113.39,112.35,-1.04,0.00,32.58,
31.23,-0.99,-113.39,112.35,-1.04,0.00,32.58,
31.25,-0.99,-113.39,112.35,-1.04,0.00,32.58,
31.27,-0.99,-113.39,112.35,-1.04,0.00,32.58,
31.27,-0.99,-113.39,112.35,-1.04,0.00,32.58,
31.29,-0.99,-113.39,112.35,-1.04,0.00,32.58,
31.31,-0.99,-113.39,112.35,-1.04,0.00,32.58,
31.33,-0.99,-113.39,112.35,-1.04,0.00,32.58,
31.35,-0.99,-113.39,112.35,-1.04,0.00,32.58,
31.37,-0.99,-113.39,112.35,-1.04,0.00,32.58,
31.37,-0.99,-113.39,112.35,-1.04,0.00,32.58,
31.39,-0.99,-113.39,112.35,-1.04,0.00,32.58,
31.41,-0.99,-113.39,112.35,-1.04,0.00,32.58,
31.43,-0.99,-113.39,112.35,-1.04,0.00,32.58,
31.45,-0.99,-113.39,112.35,-1.04,0.00,32.58,
31.47,-0.99,-113.39,112.35,-1.04,0.00,32.58,
31.47,-0.99,-113.39,112.35,-1.04,0.00,32.58,
31.49,-0.99,-113.39,112.35,-1.04,0.00,32.58,
31.51,-0.99,-113.39,112.35,-1.04,0.00,32.58,
31.53,-0.99,-113.39,112.35,-1.04,0.00,32.58,
31.55,-0.99,-113.39,112.35,-1.04,0.00,32.58,
31.57,-0.99,-113.39,112.35,-1.04,0.00,32.58,
31.58,-0.99,-113.39,112.35,-1.04,0.00,32.58,
31.59,-0.99,-113.39,112.35,-1.04,0.00,32.58,
31.61,-0.99,-113.39,112.35,-1.04,0.00,32.58,
31.63,-0.99,-113.39,112.34,-1.05,0.00,32.58,
31.65,-0.99,-113.39,112.34,-1.05,0.00,32.58,
31.67,-0.99,-113.39,112.34,-1.05,0.00,32.58,
31.67,-0.99,-113.39,112.34,-1.05,0.00,32.58,
31.69,-0.99,-113.39,112.34,-1.05,0.00,32.58,
31.71,-0.99,-113.39,112.34,-1.04,0.00,32.58,
31.73,-0.99,-113.39,112.34,-1.05,0.00,32.58,
31.75,-0.99,-113.39,112.34,-1.05,0.00,32.58,
31.77,-0.99,-113.39,112.34,-1.05,0.00,32.58,
31.77,-0.99,-113.39,112.34,-1.05,0.00,32.58,
31.79,-0.99,-113.39,112.34,-1.05,0.00,32.58,
31.81,-0.99,-113.39,112.34,-1.05,0.00,32.58,
31.83,-0.99,-113.39,112.34,-1.05,0.00,32.58,
31.86,-0.99,-113.39,112.34,-1.05,0.00,32.58,
31.87,-0.99,-113.39,112.34,-1.05,0.00,32.58,
31.87,-0.99,-113.39,112.34,-1.05,0.00,32.58,
31.89,-0.99,-113.39,112.33,-1.05,0.00,32.58,
31.91,-0.99,-113.39,112.34,-1.05,0.00,32.58,
31.93,-0.99,-113.39,112.34,-1.05,0.00,32.58,
31.95,-0.99,-113.39,112.34,-1.05,0.00,32.58,
31.97,-0.99,-113.39,112.33,-1.06,0.00,32.58,
31.97,-0.99,-113.39,112.33,-1.06,0.00,32.58,
31.99,-0.99,-113.39,112.34,-1.05,0.00,32.58,
32.01,-0.99,-113.39,112.34,-1.05,0.00,32.58,
32.03,-0.99,-113.39,112.34,-1.05,0.00,32.58,
32.05,-0.99,-113.39,112.34,-1.05,0.00,32.58,
32.07,-0.99,-113.39,112.34,-1.05,0.00,32.58,
32.07,-0.99,-113.39,112.34,-1.05,0.00,32.58,
32.09,-0.99,-113.39,112.34,-1.05,0.00,32.58,
32.11,-0.99,-113.39,112.34,-1.05,0.00,32.58,
32.13,-0.99,-113.39,112.34,-1.05,0.00,32.58,
32.15,-0.99,-113.39,112.34,-1.05,0.00,32.58,
32.17,-0.99,-113.39,112.33,-1.06,0.00,32.58,
32.17,-0.99,-113.39,112.33,-1.06,0.00,32.58,
32.19,-0.99,-113.39,112.33,-1.06,0.00,32.58,
32.21,-0.99,-113.39,112.33,-1.06,0.00,32.58,
32.23,-0.99,-113.39,112.33,-1.06,0.00,32.58,
32.25,-0.99,-113.39,112.33,-1.06,0.00,32.58,
32.27,-0.99,-113.39,112.33,-1.06,0.00,32.58,
32.27,-0.99,-113.39,112.33,-1.06,0.00,32.58,
32.29,-0.99,-113.39,112.33,-1.05,0.00,32.58,
32.31,-0.99,-113.39,112.34,-1.05,0.00,32.58,
32.33,-0.99,-113.39,112.34,-1.05,0.00,32.58,
32.35,-0.99,-113.39,112.33,-1.05,0.00,32.58,
32.37,-0.99,-113.39,112.33,-1.05,0.00,32.58,
32.37,-0.99,-113.39,112.33,-1.05,0.00,32.58,
32.39,-0.99,-113.39,112.34,-1.05,0.00,32.58,
32.41,-0.99,-113.39,112.34,-1.05,0.00,32.58,
32.43,-0.99,-113.39,112.33,-1.06,0.00,32.58,
32.45,-0.99,-113.39,112.33,-1.06,0.00,32.58,
32.47,-0.99,-113.39,112.33,-1.06,0.00,32.58,
32.47,-0.99,-113.39,112.33,-1.06,0.00,32.58,
32.49,-0.99,-113.39,112.33,-1.06,0.00,32.58,
32.51,-0.99,-113.39,112.33,-1.06,0.00,32.58,
32.53,-0.99,-113.39,112.33,-1.06,0.00,32.58,
32.55,-0.99,-113.39,112.32,-1.06,0.00,32.58,
32.57,-0.99,-113.39,112.32,-1.07,0.00,32.58,
32.57,-0.99,-113.39,112.32,-1.07,0.00,32.58,
32.59,-0.99,-113.39,112.32,-1.07,0.00,32.58,
32.61,-0.99,-113.39,112.32,-1.07,0.00,32.58,
32.63,-0.99,-113.39,112.32,-1.07,0.00,32.58,
32.65,-0.99,-113.39,112.32,-1.07,0.00,32.58,
32.67,-0.99,-113.39,112.32,-1.07,0.00,32.58,
32.67,-0.99,-113.39,112.32,-1.07,0.00,32.58,
32.69,-0.99,-113.39,112.33,-1.06,0.00,32.58,
32.71,-0.99,-113.39,112.33,-1.06,0.00,32.58,
32.73,-0.99,-113.39,112.33,-1.06,0.00,32.58,
32.75,-0.99,-113.39,112.32,-1.07,0.00,32.58,
32.77,-0.99,-113.39,112.32,-1.07,0.00,32.58,
32.77,-0.99,-113.39,112.32,-1.07,0.00,32.58,
32.79,-0.99,-113.39,112.32,-1.07,0.00,32.58,
32.81,-0.99,-113.39,112.32,-1.07,0.00,32.58,
32.83,-0.99,-113.39,112.32,-1.07,0.00,32.58,
32.85,-0.99,-113.39,112.32,-1.07,0.00,32.58,
32.87,-0.99,-113.39,112.32,-1.07,0.00,32.58,
32.87,-0.99,-113.39,112.32,-1.07,0.00,32.58,
32.89,-0.99,-113.39,112.32,-1.07,0.00,32.58,
32.91,-0.99,-113.39,112.32,-1.07,0.00,32.58,
32.93,-0.99,-113.39,112.32,-1.06,0.00,32.58,
32.95,-0.99,-113.39,112.32,-1.07,0.00,32.58,
32.97,-0.99,-113.39,112.32,-1.07,0.00,32.58,
32.97,-0.99,-113.39,112.32,-1.07,0.00,32.58,
32.99,-0.99,-113.39,112.32,-1.07,0.00,32.58,
33.01,-0.99,-113.39,112.32,-1.07,0.00,32.58,
33.03,-0.99,-113.39,112.32,-1.07,0.00,32.58,
33.05,-0.99,-113.39,112.32,-1.07,0.00,32.58,
33.07,-0.99,-113.39,112.32,-1.07,0.00,32.58,
33.07,-0.99,-113.39,112.32,-1.07,0.00,32.58,
33.09,-0.99,-113.39,112.32,-1.07,0.00,32.58,
33.11,-0.99,-113.39,112.32,-1.07,0.00,32.58,
33.13,-0.99,-113.39,112.32,-1.07,0.00,32.58,
33.15,-0.99,-113.39,112.32,-1.07,0.00,32.58,
33.17,-0.99,-113.39,112.32,-1.07,0.00,32.58,
33.17,-0.99,-113.39,112.32,-1.07,0.00,32.58,
33.19,-0.99,-113.39,112.32,-1.07,0.00,32.58,
33.21,-0.99,-113.39,112.32,-1.07,0.00,32.58,
33.23,-0.99,-113.39,112.32,-1.07,0.00,32.58,
33.25,-0.99,-113.39,112.32,-1.07,0.00,32.58,
33.27,-0.99,-113.39,112.32,-1.07,0.00,32.58,
33.27,-0.99,-113.39,112.32,-1.07,0.00,32.58,
33.29,-0.99,-113.39,112.32,-1.07,0.00,32.58,
33.31,-0.99,-113.39,112.32,-1.07,0.00,32.58,
33.33,-0.99,-113.39,112.32,-1.07,0.00,32.58,
33.35,-0.99,-113.39,112.32,-1.07,0.00,32.58,
33.37,-0.99,-113.39,112.32,-1.07,0.00,32.58,
33.37,-0.99,-113.39,112.32,-1.07,0.00,32.58,
33.39,-0.99,-113.39,112.32,-1.07,0.00,32.58,
33.41,-0.99,-113.39,112.32,-1.07,0.00,32.58,
33.43,-0.99,-113.39,112.32,-1.07,0.00,32.58,
33.45,-0.99,-113.39,112.32,-1.07,0.00,32.58,
33.47,-0.99,-113.39,112.31,-1.08,0.00,32.58,
33.47,-0.99,-113.39,112.31,-1.08,0.00,32.58,
33.49,-0.99,-113.39,112.31,-1.08,0.00,32.58,
33.51,-0.99,-113.39,112.31,-1.08,0.00,32.58,
33.53,-0.99,-113.39,112.31,-1.08,0.00,32.58,
33.55,-0.99,-113.39,112.31,-1.08,0.00,32.58,
33.57,-0.99,-113.39,112.31,-1.08,0.00,32.58,
33.57,-0.99,-113.39,112.31,-1.08,0.00,32.58,
33.59,-0.99,-113.39,112.32,-1.07,0.00,32.58,
33.61,-0.99,-113.39,112.31,-1.07,0.00,32.58,
33.63,-0.99,-113.39,112.31,-1.07,0.00,32.58,
33.65,-0.99,-113.39,112.31,-1.08,0.00,32.58,
33.67,-0.99,-113.39,112.31,-1.08,0.00,32.58,
33.67,-0.99,-113.39,112.31,-1.08,0.00,32.58,
33.69,-0.99,-113.39,112.32,-1.07,0.00,32.58,
33.71,-0.99,-113.39,112.32,-1.07,0.00,32.58,
33.73,-0.99,-113.39,112.31,-1.07,0.00,32.58,
33.75,-0.99,-113.39,112.32,-1.07,0.00,32.58,
33.77,-0.99,-113.39,112.31,-1.07,0.00,32.58,
33.77,-0.99,-113.39,112.31,-1.07,0.00,32.58,
33.79,-0.99,-113.39,112.31,-1.08,0.00,32.58,
33.81,-0.99,-113.39,112.31,-1.08,0.00,32.58,
33.83,-0.99,-113.39,112.31,-1.08,0.00,32.58,
33.85,-0.99,-113.39,112.31,-1.08,0.00,32.58,
33.87,-0.99,-113.39,112.31,-1.08,0.00,32.58,
33.87,-0.99,-113.39,112.31,-1.08,0.00,32.58,
33.89,-0.99,-113.39,112.31,-1.08,0.00,32.58,
33.91,-0.99,-113.39,112.31,-1.08,0.00,32.58,
33.93,-0.99,-113.39,112.31,-1.08,0.00,32.58,
33.95,-0.99,-113.39,112.31,-1.08,0.00,32.58,
33.97,-0.99,-113.39,112.31,-1.08,0.00,32.58,
33.97,-1.17,-113.39,112.31,-1.08,0.00,35.90,
33.97,-1.17,-113.48,112.31,-1.17,0.00,35.90,
33.99,-1.17,-113.48,112.31,-1.17,0.00,35.90,
34.01,-1.17,-113.48,112.31,-1.17,0.00,35.90,
34.03,-1.17,-113.48,112.31,-1.17,0.00,35.90,
34.05,-1.17,-113.48,112.31,-1.17,0.00,35.90,
34.07,-1.17,-113.48,112.31,-1.17,0.00,35.90,
34.07,-1.17,-113.48,112.31,-1.17,0.00,35.90,
34.09,-1.17,-113.48,112.31,-1.17,0.00,35.90,
34.11,-1.17,-113.48,112.31,-1.17,0.00,35.90,
34.13,-1.17,-113.48,112.31,-1.17,0.00,35.90,
34.15,-1.17,-113.48,112.30,-1.17,0.00,35.90,
34.17,-1.17,-113.48,112.30,-1.18,0.00,35.90,
34.17,-1.17,-113.48,112.30,-1.18,0.00,35.90,
34.19,-1.17,-113.48,112.31,-1.17,0.00,35.90,
34.21,-1.17,-113.48,112.31,-1.17,0.00,35.90,
34.23,-1.17,-113.48,112.31,-1.17,0.00,35.90,
34.25,-1.17,-113.48,112.30,-1.17,0.00,35.90,
34.27,-1.17,-113.48,112.30,-1.18,0.00,35.90,
34.27,-1.17,-113.48,112.30,-1.18,0.00,35.90,
34.29,-1.17,-113.48,112.30,-1.18,0.00,35.90,
34.31,-1.17,-113.48,112.30,-1.18,0.00,35.90,
34.33,-1.17,-113.48,112.30,-1.18,0.00,35.90,
34.36,-1.17,-113.48,112.30,-1.18,0.00,35.90,
34.36,-1.17,-113.48,112.30,-1.18,0.00,35.90,
34.37,-1.17,-113.48,112.30,-1.18,0.00,35.90,
34.39,-1.17,-113.48,112.30,-1.18,0.00,35.90,
34.41,-1.17,-113.48,112.30,-1.18,0.00,35.90,
34.43,-1.17,-113.48,112.30,-1.18,0.00,35.90,
34.45,-1.17,-113.48,112.30,-1.18,0.00,35.90,
34.47,-1.17,-113.48,112.30,-1.18,0.00,35.90,
34.47,-1.17,-113.48,112.30,-1.18,0.00,35.90,
34.49,-1.17,-113.48,112.30,-1.18,0.00,35.90,
34.51,-1.17,-113.48,112.30,-1.18,0.00,35.90,
34.53,-1.17,-113.48,112.30,-1.18,0.00,35.90,
34.55,-1.17,-113.48,112.30,-1.18,0.00,35.90,
34.57,-1.17,-113.48,112.30,-1.18,0.00,35.90,
34.57,-1.17,-113.48,112.30,-1.18,0.00,35.90,
34.59,-1.17,-113.48,112.30,-1.18,0.00,35.90,
34.61,-1.17,-113.48,112.30,-1.18,0.00,35.90,
34.63,-1.17,-113.48,112.30,-1.18,0.00,35.90,
34.65,-1.17,-113.48,112.29,-1.18,0.00,35.90,
34.67,-1.17,-113.48,112.29,-1.18,0.00,35.90,
34.67,-1.17,-113.48,112.29,-1.18,0.00,35.90,
34.69,-1.17,-113.48,112.29,-1.18,0.00,35.90,
34.71,-1.17,-113.48,112.29,-1.18,0.00,35.90,
34.73,-1.17,-113.48,112.29,-1.19,0.00,35.90,
34.75,-1.17,-113.48,112.29,-1.19,0.00,35.90,
34.77,-1.17,-113.48,112.29,-1.19,0.00,35.90,
34.77,-1.17,-113.48,112.29,-1.19,0.00,35.90,
34.79,-1.17,-113.48,112.29,-1.19,0.00,35.90,
34.81,-1.17,-113.48,112.29,-1.18,0.00,35.90,
34.83,-1.17,-113.48,112.29,-1.18,0.00,35.90,
34.85,-1.17,-113.48,112.29,-1.18,0.00,35.90,
34.85,-1.17,-113.48,112.29,-1.18,0.00,35.90,
34.87,-1.17,-113.48,112.29,-1.19,0.00,35.90,
34.89,-1.17,-113.48,112.29,-1.19,0.00,35.90,
34.91,-1.17,-113.48,112.29,-1.19,0.00,35.90,
34.93,-1.17,-113.48,112.29,-1.19,0.00,35.90,
34.95,-1.17,-113.48,112.29,-1.19,0.00,35.90,
34.95,-1.17,-113.48,112.29,-1.19,0.00,35.90,
34.97,-1.17,-113.48,112.29,-1.19,0.00,35.90,
34.99,-1.17,-113.48,112.30,-1.18,0.00,35.90,
35.01,-1.17,-113.48,112.30,-1.18,0.00,35.90,
35.03,-1.17,-113.48,112.30,-1.18,0.00,35.90,
35.05,-1.17,-113.48,112.29,-1.19,0.00,35.90,
35.05,-1.17,-113.48,112.29,-1.19,0.00,35.90,
35.07,-1.17,-113.48,112.29,-1.19,0.00,35.90,
35.09,-1.17,-113.48,112.29,-1.19,0.00,35.90,
35.11,-1.17,-113.48,112.29,-1.19,0.00,35.90,
35.13,-1.17,-113.48,112.29,-1.18,0.00,35.90,
35.15,-1.17,-113.48,112.29,-1.19,0.00,35.90,
35.17,-1.17,-113.48,112.29,-1.19,0.00,35.90,
35.17,-1.17,-113.48,112.29,-1.19,0.00,35.90,
35.19,-1.17,-113.48,112.29,-1.19,0.00,35.90,
35.21,-1.17,-113.48,112.29,-1.19,0.00,35.90,
35.23,-1.17,-113.48,112.29,-1.19,0.00,35.90,
35.25,-1.17,-113.48,112.29,-1.19,0.00,35.90,
35.26,-1.17,-113.48,112.29,-1.19,0.00,35.90,
35.27,-1.17,-113.48,112.29,-1.19,0.00,35.90,
35.29,-1.17,-113.48,112.29,-1.19,0.00,35.90,
35.31,-1.17,-113.48,112.29,-1.18,0.00,35.90,
35.33,-1.17,-113.48,112.29,-1.18,0.00,35.90,
35.35,-1.17,-113.48,112.29,-1.18,0.00,35.90,
35.37,-1.17,-113.48,112.29,-1.19,0.00,35.90,
35.37,-1.17,-113.48,112.29,-1.19,0.00,35.90,
35.39,-1.17,-113.48,112.29,-1.18,0.00,35.90,
35.41,-1.17,-113.48,112.30,-1.18,0.00,35.90,
35.43,-1.17,-113.48,112.30,-1.18,0.00,35.90,
35.45,-1.17,-113.48,112.29,-1.18,0.00,35.90,
35.45,-1.17,-113.48,112.29,-1.18,0.00,35.90,
35.47,-1.17,-113.48,112.29,-1.18,0.00,35.90,
35.49,-1.17,-113.48,112.29,-1.18,0.00,35.90,
35.51,-1.17,-113.48,112.30,-1.18,0.00,35.90,
35.53,-1.17,-113.48,112.30,-1.18,0.00,35.90,
35.55,-1.17,-113.48,112.30,-1.18,0.00,35.90,
35.55,-1.17,-113.48,112.30,-1.18,0.00,35.90,
35.57,-1.17,-113.48,112.30,-1.18,0.00,35.90,
35.59,-1.17,-113.48,112.30,-1.18,0.00,35.90,
35.61,-1.17,-113.48,112.30,-1.18,0.00,35.90,
35.63,-1.17,-113.48,112.30,-1.18,0.00,35.90,
35.65,-1.17,-113.48,112.30,-1.18,0.00,35.90,
35.65,-1.17,-113.48,112.30,-1.18,0.00,35.90,
35.67,-1.17,-113.48,112.30,-1.18,0.00,35.90,
35.69,-1.17,-113.48,112.30,-1.18,0.00,35.90,
35.71,-1.17,-113.48,112.30,-1.18,0.00,35.90,
35.73,-1.17,-113.48,112.30,-1.18,0.00,35.90,
35.75,-1.17,-113.48,112.30,-1.18,0.00,35.90,
35.76,-1.17,-113.48,112.30,-1.18,0.00,35.90,
35.77,-1.17,-113.48,112.30,-1.18,0.00,35.90,
35.79,-1.17,-113.48,112.30,-1.18,0.00,35.90,
35.81,-1.17,-113.48,112.30,-1.18,0.00,35.90,
35.83,-1.17,-113.48,112.30,-1.18,0.00,35.90,
35.85,-1.17,-113.48,112.30,-1.18,0.00,35.90,
35.85,-1.17,-113.48,112.30,-1.18,0.00,35.90,
35.87,-1.17,-113.48,112.30,-1.18,0.00,35.90,
35.89,-1.17,-113.48,112.30,-1.18,0.00,35.90,
35.91,-1.17,-113.48,112.30,-1.18,0.00,35.90,
35.93,-1.17,-113.48,112.30,-1.18,0.00,35.90,
35.95,-1.17,-113.48,112.29,-1.19,0.00,35.90,
35.97,-1.17,-113.48,112.29,-1.19,0.00,35.90,
35.97,-1.17,-113.48,112.29,-1.19,0.00,35.90,
35.99,-1.17,-113.48,112.29,-1.19,0.00,35.90,
36.01,-1.17,-113.48,112.29,-1.19,0.00,35.90,
36.03,-1.17,-113.48,112.29,-1.19,0.00,35.90,
36.05,-1.17,-113.48,112.29,-1.19,0.00,35.90,
36.07,-1.17,-113.48,112.29,-1.19,0.00,35.90,
36.07,-1.17,-113.48,112.29,-1.19,0.00,35.90,
36.09,-1.17,-113.48,112.29,-1.19,0.00,35.90,
36.11,-1.17,-113.48,112.29,-1.19,0.00,35.90,
36.13,-1.17,-113.48,112.29,-1.19,0.00,35.90,
36.15,-1.17,-113.48,112.28,-1.19,0.00,35.90,
36.15,-1.17,-113.48,112.28,-1.19,0.00,35.90,
36.17,-1.17,-113.48,112.28,-1.19,0.00,35.90,
36.19,-1.17,-113.48,112.28,-1.19,0.00,35.90,
36.21,-1.17,-113.48,112.28,-1.19,0.00,35.90,
36.23,-1.17,-113.48,112.28,-1.20,0.00,35.90,
36.25,-1.17,-113.48,112.28,-1.20,0.00,35.90,
36.25,-1.17,-113.48,112.28,-1.20,0.00,35.90,
36.27,-1.17,-113.48,112.28,-1.20,0.00,35.90,
36.29,-1.17,-113.48,112.28,-1.20,0.00,35.90,
36.31,-1.17,-113.48,112.28,-1.20,0.00,35.90,
36.33,-1.17,-113.48,112.28,-1.20,0.00,35.90,
36.35,-1.17,-113.48,112.28,-1.20,0.00,35.90,
36.35,-1.17,-113.48,112.28,-1.20,0.00,35.90,
36.37,-1.17,-113.48,112.28,-1.20,0.00,35.90,
36.39,-1.17,-113.48,112.28,-1.20,0.00,35.90,
36.41,-1.17,-113.48,112.28,-1.20,0.00,35.90,
36.43,-1.17,-113.48,112.28,-1.20,0.00,35.90,
36.45,-1.17,-113.48,112.28,-1.20,0.00,35.90,
36.45,-1.17,-113.48,112.28,-1.20,0.00,35.90,
36.47,-1.17,-113.48,112.28,-1.20,0.00,35.90,
36.49,-1.17,-113.48,112.28,-1.20,0.00,35.90,
36.51,-1.17,-113.48,112.28,-1.20,0.00,35.90,
36.53,-1.17,-113.48,112.27,-1.20,0.00,35.90,
36.55,-1.17,-113.48,112.27,-1.21,0.00,35.90,
36.55,-1.17,-113.48,112.27,-1.21,0.00,35.90,
36.57,-1.17,-113.48,112.27,-1.20,0.00,35.90,
36.59,-1.17,-113.48,112.28,-1.20,0.00,35.90,
36.61,-1.17,-113.48,112.28,-1.20,0.00,35.90,
36.63,-1.17,-113.48,112.28,-1.20,0.00,35.90,
36.65,-1.17,-113.48,112.27,-1.20,0.00,35.90,
36.65,-1.17,-113.48,112.27,-1.20,0.00,35.90,
36.67,-1.17,-113.48,112.27,-1.21,0.00,35.90,
36.69,-1.17,-113.48,112.27,-1.20,0.00,35.90,
36.71,-1.17,-113.48,112.27,-1.20,0.00,35.90,
36.73,-1.17,-113.48,112.27,-1.21,0.00,35.90,
36.75,-1.17,-113.48,112.27,-1.21,0.00,35.90,
36.75,-1.17,-113.48,112.27,-1.21,0.00,35.90,
36.77,-1.17,-113.48,112.27,-1.21,0.00,35.90,
36.79,-1.17,-113.48,112.27,-1.20,0.00,35.90,
36.81,-1.17,-113.48,112.27,-1.20,0.00,35.90,
36.83,-1.17,-113.48,112.27,-1.20,0.00,35.90,
36.85,-1.17,-113.48,112.27,-1.21,0.00,35.90,
36.85,-1.17,-113.48,112.27,-1.21,0.00,35.90,
36.87,-1.17,-113.48,112.27,-1.21,0.00,35.90,
36.89,-1.17,-113.48,112.27,-1.21,0.00,35.90,
36.91,-1.17,-113.48,112.27,-1.21,0.00,35.90,
36.93,-1.17,-113.48,112.27,-1.21,0.00,35.90,
36.95,-1.17,-113.48,112.26,-1.21,0.00,35.90,
36.96,-1.17,-113.48,112.26,-1.21,0.00,35.90,
36.97,-1.17,-113.48,112.27,-1.21,0.00,35.90,
36.99,-1.17,-113.48,112.27,-1.21,0.00,35.90,
37.01,-1.17,-113.48,112.27,-1.21,0.00,35.90,
37.03,-1.17,-113.48,112.27,-1.21,0.00,35.90,
37.05,-1.17,-113.48,112.27,-1.21,0.00,35.90,
37.05,-1.17,-113.48,112.27,-1.21,0.00,35.90,
37.07,-1.17,-113.48,112.27,-1.21,0.00,35.90,
37.09,-1.17,-113.48,112.27,-1.21,0.00,35.90,
37.11,-1.17,-113.48,112.27,-1.21,0.00,35.90,
37.13,-1.17,-113.48,112.27,-1.21,0.00,35.90,
37.15,-1.17,-113.48,112.27,-1.21,0.00,35.90,
37.15,-1.17,-113.48,112.27,-1.21,0.00,35.90,
37.17,-1.17,-113.48,112.26,-1.21,0.00,35.90,
37.19,-1.17,-113.48,112.27,-1.21,0.00,35.90,
37.21,-1.17,-113.48,112.27,-1.21,0.00,35.90,
37.23,-1.17,-113.48,112.27,-1.21,0.00,35.90,
37.25,-1.17,-113.48,112.27,-1.21,0.00,35.90,
37.25,-1.17,-113.48,112.27,-1.21,0.00,35.90,
37.27,-1.17,-113.48,112.27,-1.21,0.00,35.90,
37.29,-1.17,-113.48,112.26,-1.21,0.00,35.90,
37.31,-1.17,-113.48,112.26,-1.22,0.00,35.90,
37.33,-1.17,-113.48,112.25,-1.22,0.00,35.90,
37.35,-1.17,-113.48,112.25,-1.23,0.00,35.90,
37.35,-1.17,-113.48,112.25,-1.23,0.00,35.90,
37.37,-1.17,-113.48,112.25,-1.23,0.00,35.90,
37.39,-1.17,-113.48,112.25,-1.23,0.00,35.90,
37.41,-1.17,-113.48,112.25,-1.23,0.00,35.90,
37.43,-1.17,-113.48,112.25,-1.23,0.00,35.90,
37.45,-1.17,-113.48,112.25,-1.23,0.00,35.90,
37.45,-1.17,-113.48,112.25,-1.23,0.00,35.90,
37.47,-1.17,-113.48,112.25,-1.23,0.00,35.90,
37.49,-1.17,-113.48,112.25,-1.23,0.00,35.90,
37.51,-1.17,-113.48,112.25,-1.23,0.00,35.90,
37.53,-1.17,-113.48,112.25,-1.23,0.00,35.90,
37.55,-1.17,-113.48,112.24,-1.23,0.00,35.90,
37.55,-1.17,-113.48,112.24,-1.23,0.00,35.90,
37.57,-1.17,-113.48,112.24,-1.23,0.00,35.90,
37.59,-1.17,-113.48,112.24,-1.23,0.00,35.90,
37.61,-1.17,-113.48,112.24,-1.24,0.00,35.90,
37.63,-1.17,-113.48,112.24,-1.24,0.00,35.90,
37.65,-1.17,-113.48,112.24,-1.24,0.00,35.90,
37.65,-1.17,-113.48,112.24,-1.24,0.00,35.90,
37.67,-1.17,-113.48,112.24,-1.24,0.00,35.90,
37.69,-1.17,-113.48,112.24,-1.24,0.00,35.90,
37.71,-1.17,-113.48,112.24,-1.24,0.00,35.90,
37.73,-1.17,-113.48,112.24,-1.24,0.00,35.90,
37.75,-1.17,-113.48,112.24,-1.24,0.00,35.90,
37.75,-1.17,-113.48,112.24,-1.24,0.00,35.90,
37.77,-1.17,-113.48,112.24,-1.24,0.00,35.90,
37.79,-1.17,-113.48,112.24,-1.24,0.00,35.90,
37.81,-1.17,-113.48,112.24,-1.24,0.00,35.90,
37.83,-1.17,-113.48,112.24,-1.24,0.00,35.90,
37.85,-1.17,-113.48,112.24,-1.24,0.00,35.90,
37.85,-1.17,-113.48,112.24,-1.24,0.00,35.90,
37.87,-1.17,-113.48,112.24,-1.24,0.00,35.90,
37.89,-1.17,-113.48,112.24,-1.24,0.00,35.90,
37.91,-1.17,-113.48,112.24,-1.24,0.00,35.90,
37.93,-1.17,-113.48,112.24,-1.24,0.00,35.90,
37.95,-1.17,-113.48,112.24,-1.24,0.00,35.90,
37.95,-1.17,-113.48,112.24,-1.24,0.00,35.90,
37.97,-1.17,-113.48,112.24,-1.24,0.00,35.90,
37.99,-1.17,-113.48,112.24,-1.24,0.00,35.90,
38.01,-1.17,-113.48,112.24,-1.24,0.00,35.90,
38.03,-1.17,-113.48,112.24,-1.24,0.00,35.90,
38.05,-1.17,-113.48,112.23,-1.24,0.00,35.90,
38.05,-1.17,-113.48,112.23,-1.24,0.00,35.90,
38.07,-1.17,-113.48,112.23,-1.24,0.00,35.90,
38.09,-1.17,-113.48,112.24,-1.24,0.00,35.90,
38.11,-1.17,-113.48,112.24,-1.24,0.00,35.90,
38.13,-1.17,-113.48,112.24,-1.24,0.00,35.90,
38.15,-1.17,-113.48,112.24,-1.24,0.00,35.90,
38.15,-1.17,-113.48,112.24,-1.24,0.00,35.90,
38.17,-1.17,-113.48,112.24,-1.24,0.00,35.90,
38.19,-1.17,-113.48,112.24,-1.24,0.00,35.90,
38.21,-1.17,-113.48,112.24,-1.24,0.00,35.90,
38.23,-1.17,-113.48,112.24,-1.24,0.00,35.90,
38.25,-1.17,-113.48,112.24,-1.24,0.00,35.90,
38.25,-1.17,-113.48,112.24,-1.24,0.00,35.90,
38.27,-1.17,-113.48,112.24,-1.24,0.00,35.90,
38.29,-1.17,-113.48,112.24,-1.24,0.00,35.90,
38.31,-1.17,-113.48,112.24,-1.24,0.00,35.90,
38.33,-1.17,-113.48,112.24,-1.24,0.00,35.90,
38.35,-1.17,-113.48,112.24,-1.24,0.00,35.90,
38.35,-1.17,-113.48,112.24,-1.24,0.00,35.90,
38.37,-1.17,-113.48,112.24,-1.24,0.00,35.90,
38.39,-1.17,-113.48,112.24,-1.24,0.00,35.90,
38.41,-1.17,-113.48,112.24,-1.24,0.00,35.90,
38.43,-1.17,-113.48,112.24,-1.24,0.00,35.90,
38.45,-1.17,-113.48,112.24,-1.24,0.00,35.90,
38.45,-1.16,-113.48,112.24,-1.24,0.00,34.86,
38.46,-1.16,-113.40,112.24,-1.16,0.00,34.86,
38.47,-1.16,-113.40,112.24,-1.16,0.00,34.86,
38.49,-1.16,-113.40,112.24,-1.16,0.00,34.86,
38.51,-1.16,-113.40,112.24,-1.16,0.00,34.86,
38.53,-1.16,-113.40,112.23,-1.16,0.00,34.86,
38.55,-1.16,-113.40,112.23,-1.16,0.00,34.86,
38.55,-1.16,-113.40,112.23,-1.16,0.00,34.86,
38.57,-1.16,-113.40,112.23,-1.17,0.00,34.86,
38.59,-1.16,-113.40,112.23,-1.17,0.00,34.86,
38.61,-1.16,-113.40,112.23,-1.17,0.00,34.86,
38.63,-1.16,-113.40,112.23,-1.17,0.00,34.86,
38.65,-1.16,-113.40,112.23,-1.17,0.00,34.86,
38.65,-1.16,-113.40,112.23,-1.17,0.00,34.86,
38.67,-1.16,-113.40,112.23,-1.17,0.00,34.86,
38.69,-1.16,-113.40,112.23,-1.17,0.00,34.86,
38.71,-1.16,-113.40,112.23,-1.17,0.00,34.86,
38.73,-1.16,-113.40,112.23,-1.17,0.00,34.86,
38.75,-1.16,-113.40,112.22,-1.18,0.00,34.86,
38.75,-1.16,-113.40,112.22,-1.18,0.00,34.86,
38.77,-1.16,-113.40,112.23,-1.17,0.00,34.86,
38.79,-1.16,-113.40,112.23,-1.17,0.00,34.86,
38.81,-1.16,-113.40,112.22,-1.18,0.00,34.86,
38.83,-1.16,-113.40,112.22,-1.18,0.00,34.86,
38.85,-1.16,-113.40,112.22,-1.18,0.00,34.86,
38.85,-1.16,-113.40,112.22,-1.18,0.00,34.86,
38.87,-1.16,-113.40,112.22,-1.18,0.00,34.86,
38.89,-1.16,-113.40,112.22,-1.18,0.00,34.86,
38.91,-1.16,-113.40,112.22,-1.17,0.00,34.86,
38.93,-1.16,-113.40,112.22,-1.18,0.00,34.86,
38.95,-1.16,-113.40,112.22,-1.18,0.00,34.86,
38.95,-1.16,-113.40,112.22,-1.18,0.00,34.86,
38.97,-1.16,-113.40,112.22,-1.18,0.00,34.86,
38.99,-1.16,-113.40,112.22,-1.18,0.00,34.86,
39.01,-1.16,-113.40,112.23,-1.17,0.00,34.86,
39.03,-1.16,-113.40,112.22,-1.18,0.00,34.86,
39.05,-1.16,-113.40,112.22,-1.18,0.00,34.86,
39.05,-1.16,-113.40,112.22,-1.18,0.00,34.86,
39.07,-1.16,-113.40,112.22,-1.18,0.00,34.86,
39.09,-1.16,-113.40,112.23,-1.17,0.00,34.86,
39.11,-1.16,-113.40,112.23,-1.17,0.00,34.86,
39.13,-1.16,-113.40,112.22,-1.18,0.00,34.86,
39.15,-1.16,-113.40,112.22,-1.18,0.00,34.86,
39.15,-1.16,-113.40,112.22,-1.18,0.00,34.86,
39.17,-1.16,-113.40,112.22,-1.18,0.00,34.86,
39.19,-1.16,-113.40,112.22,-1.18,0.00,34.86,
39.21,-1.16,-113.40,112.22,-1.18,0.00,34.86,
39.23,-1.16,-113.40,112.22,-1.18,0.00,34.86,
39.25,-1.16,-113.40,112.22,-1.18,0.00,34.86,
39.25,-1.16,-113.40,112.22,-1.18,0.00,34.86,
39.27,-1.16,-113.40,112.22,-1.18,0.00,34.86,
39.29,-1.16,-113.40,112.22,-1.18,0.00,34.86,
39.31,-1.16,-113.40,112.21,-1.18,0.00,34.86,
39.33,-1.16,-113.40,112.21,-1.19,0.00,34.86,
39.35,-1.16,-113.40,112.21,-1.19,0.00,34.86,
39.35,-1.16,-113.40,112.21,-1.19,0.00,34.86,
39.37,-1.16,-113.40,112.21,-1.18,0.00,34.86,
39.39,-1.16,-113.40,112.22,-1.18,0.00,34.86,
39.41,-1.16,-113.40,112.22,-1.18,0.00,34.86,
39.43,-1.16,-113.40,112.22,-1.18,0.00,34.86,
39.45,-1.16,-113.40,112.21,-1.19,0.00,34.86,
39.45,-1.16,-113.40,112.21,-1.19,0.00,34.86,
39.47,-1.16,-113.40,112.21,-1.18,0.00,34.86,
39.49,-1.16,-113.40,112.22,-1.18,0.00,34.86,
39.51,-1.16,-113.40,112.21,-1.18,0.00,34.86,
39.53,-1.16,-113.40,112.21,-1.19,0.00,34.86,
39.55,-1.16,-113.40,112.21,-1.19,0.00,34.86,
39.55,-1.16,-113.40,112.21,-1.19,0.00,34.86,
39.57,-1.16,-113.40,112.21,-1.19,0.00,34.86,
39.59,-1.16,-113.40,112.22,-1.18,0.00,34.86,
39.61,-1.16,-113.40,112.22,-1.18,0.00,34.86,
39.63,-1.16,-113.40,112.22,-1.18,0.00,34.86,
39.65,-1.16,-113.40,112.22,-1.18,0.00,34.86,
39.65,-1.16,-113.40,112.22,-1.18,0.00,34.86,
39.67,-1.16,-113.40,112.22,-1.18,0.00,34.86,
39.69,-1.16,-113.40,112.22,-1.18,0.00,34.86,
39.71,-1.16,-113.40,112.22,-1.18,0.00,34.86,
39.73,-1.16,-113.40,112.22,-1.18,0.00,34.86,
39.75,-1.16,-113.40,112.22,-1.18,0.00,34.86,
39.75,-1.16,-113.40,112.22,-1.18,0.00,34.86,
39.77,-1.16,-113.40,112.22,-1.18,0.00,34.86,
39.79,-1.16,-113.40,112.22,-1.18,0.00,34.86,
39.81,-1.16,-113.40,112.22,-1.18,0.00,34.86,
39.83,-1.16,-113.40,112.22,-1.18,0.00,34.86,
39.85,-1.16,-113.40,112.21,-1.18,0.00,34.86,
39.85,-1.16,-113.40,112.21,-1.18,0.00,34.86,
39.87,-1.16,-113.40,112.21,-1.19,0.00,34.86,
39.89,-1.16,-113.40,112.22,-1.18,0.00,34.86,
39.91,-1.16,-113.40,112.22,-1.18,0.00,34.86,
39.93,-1.16,-113.40,112.21,-1.19,0.00,34.86,
39.95,-1.16,-113.40,112.21,-1.19,0.00,34.86,
39.95,-1.16,-113.40,112.21,-1.19,0.00,34.86,
39.97,-1.16,-113.40,112.21,-1.19,0.00,34.86,
39.99,-1.16,-113.40,112.21,-1.19,0.00,34.86,
40.01,-1.16,-113.40,112.21,-1.19,0.00,34.86,
